Abari O.,2
Abbott Mark B.,1
Abdallah M.,1
Abdallah S.,2
Abdel-Mottaleb M.,0
Abdel-Rahman M.J.,1
Abdelghany M.,1
Abdelghany M.A.,1
Abdelzaher T.F.,1
Abdesslem F.B.,1
Abdulla G.,1
Aben E.,4
Abeysundara Bandula W.,1
Abhishta,0
Abowd G.D.,1
Abrach H.,1
Abraham I.,1
Abrahamsson H.,1
Abrahao B.,1
Abram-Profeta E.L.,0
Abrams M.,1
Abry P.,1
Abu Rajab M.,1
Acar G.,0
Achan K.,1
Acharya A.,2
Acharya H.B.,1
Achir N.,1
Achtzehn A.,1
Adams B.,2
Adams C.J.,2
Adams G.C.,1
Adams W.J.,1
Adcock J.,1
Addanki V.,0
Adhikari V.K.,3
Adib F.,3
Adiseshu H.,1
Aditya P.,1
Adkins D.,1
Adlakha S.,1
Adrian D.,1
Adya A.,1
Afanasyev M.,3
Afec Y.,1
Afek Y.,1
Afshari P.V.,1
Afzal S.,1
Agache A.,1
Agarwal A.,1
Agarwal K.,3
Agarwal R.,1
Agarwal S.,0
Agarwala A.,1
Agarwalla B.,1
Ager B.,4
Aggarwal A.,1
Aggarwal R.,1
Aggarwal S.,2
Agha G.,1
Agnew G.B.,1
Agnihotri L.,1
Agosta J.M.,1
Agrawal A.,1
Agrawal D.,1
Agrawal S.,1
Agre J.R.,1
Agu E.,3
Agudelo A.,1
Aguiar R.,1
Aguilar L.,2
Ahamad M.,2
Ahammad P.,1
Ahlgren B.,1
Ahmad S.,1
Ahmad T.,1
Ahmadzadeh S.A.,1
Ahmaniemi A.,1
Ahmed M.,1
Ahmed N.,1
Ahmed O.K.,1
Ahmed R.,1
Ahn J.S.,1
Ahn S.,0
Ahn Y.-Y.,1
Ahnt Y.-Y.,1
Ahsan K.,1
Ahuja A.,1
Ai J.,1
Aiello R.,1
Aikat J.,2
Ajmone Marsan M.,1
Akamatsu S.,1
Akashi O.,1
Akella A.,20
Akhshabi S.,1
Akhtar Z.,1
Akiwate G.,0
Akkawi A.,2
Akkus I.E.,1
Akl S.,1
Akodjenou M.-I.,1
Akutsu A.,1
Akyildiz I.F.,1
Akyildiz Ian F.,0
Al-Fares M.,2
Al-Khalidi M.,0
Alarcón E.,0
Alasmar M.,0
Alay O.,1
Albanesi M.G.,0
Alcock S.,1
Alderson D.,1
Aleh A.,1
Alexander W.,1
Alfredsson S.,0
Algayres B.,1
Alimi R.,2
Alistarh D.,1
Alizadeh M.,9
Alkaff H.,1
Allamanis M.,1
Allman M.,11
Almeida J.M.,1
Almeida L.,0
Almeida M.,1
Almeida V.,5
Almeroth K.,1
Almeroth K.C.,3
Alp Aslandogan Y.,0
Alphand O.,1
Alsheikh M.A.,1
Alshuth P.,1
Altman E.,1
Alur R.,1
Alvarez D.,0
Alvarez-Hamelin J.I.,1
Alvisi L.,1
Alwabel A.,1
Aly K.A.,0
Alyafawi I.,1
Alyyan A.,1
Amann J.,1
Amar Y.,1
Amarandei-Stavila M.,1
Amaro J.R.,1
Amatriain X.,1
Ameme D.,0
Amer P.D.,1
Amil E.,1
Amin S.O.,2
Amini L.,1
Amir A.,1
Ammar M.,5
Ammar M.H.,1
An X.,0
Anand A.,1
Anand B.,1
Ananda A.L.,1
Anandan P.,1
Ananthanarayanan G.,4
Anantharam V.,1
Andersen D.G.,6
Anderson D.,1
Anderson D.C.,1
Anderson D.P.,1
Anderson G.,1
Anderson J.,1
Anderson T.,14
Andrade C.E.,1
Andrade N.,2
André E.,0
Andrew L.L.H.,2
Andrews H.,0
Andriesse D.,1
Angel S.,1
Anker T.,1
Ansari J.,2
Ansart J.P.,1
Antichi G.,1
Antonakakis M.,0
Antonenko V.,1
Antonescu A.-F.,1
Antoniades D.,1
Anwar R.,1
Anwer B.,1
Anwer M.B.,2
Aoki H.,1
Aono M.,1
Applegate D.,1
Apthorpe N.,1
Aracil J.,1
Arango M.,1
Arashloo M.T.,1
Arco J.M.,1
Ardakanian O.,1
Ardi C.,0
Arefin A.,1
Argyraki K.,5
Arianfar S.,2
Arlitt M.,4
Armistead A.,1
Armitage G.,5
Arndt M.,1
Arnold G.,1
Arnold T.,0
Aronoff R.,1
Arora D.,1
Arthur B.,1
Arthurs E.,1
Arumaithurai M.,3
Arun V.,1
Arya M.,1
Arya V.,1
Arzani B.,1
Asad O.,2
Asai H.,2
Aschoff R.,0
Ascott R.,1
Asgarian F.,1
Asghar H.J.,1
Ashdown M.,1
Ashmawi W.,1
Ashok A.,1
Aslam J.,1
Assiotis M.,1
Atarashi R.,0
Atkeson C.G.,1
Atkinson R.,1
Aubin R.,1
Aucinas A.,1
Audzevich Y.,1
Auerbach Joshua,1
Auge J.,0
Augé J.,0
Augustin B.,3
Auslander D.,1
Avino G.,1
Avizheh S.,0
Avrachenkov K.,1
Avramopoulos I.,1
Awan A.,1
Awara K.,0
Awerbuch B.,2
Ayache J.M.,1
Ayadurai V.,1
Azevedo E.,0
Babaie P.,0
Babarczi P.,0
Babbula S.R.,1
Baboescu F.,2
Babu S.,1
Baccelli E.,1
Baccelli F.,2
Bacher D.,1
Bachl M.,1
Backhaus H.,1
Badam A.,1
Baden R.,1
Badia L.,1
Badr H.,1
Badrinath B.R.,1
Bae S.,1
Baecker R.,1
Baggay J.,1
Bagnulo M.,1
Bahk Saewoong,1
Bahl P.,4
Bai B.,0
Bai W.,2
Baig G.,1
Baig R.,2
Bailey B.,1
Bailey G.W.,0
Bailey M.,6
Baillargeon S.,1
Bajpai V.,1
Bajura M.,0
Baker D.,1
Baker H.H.,1
Baker M.,1
Balachandran A.,2
Balakrishnan H.,20
Balakrishnan M.,1
Balampekos K.,1
Balan H.V.,1
Balan R.K.,1
Balasubramaniam S.,0
Balasubramanian A.,2
Balasubramanian N.,1
Baldi M.,1
Baldin I.,1
Baldus G.,1
Ballani H.,10
Ballard C.,1
Ballardie T.,1
Baltopoulos I.,1
Baltrunas D.,1
Balzarotti D.,1
Ban D.,1
Banavar H.,1
Banchs A.,1
Baneriee S.,1
Banerjea A.,1
Banerjee A.,1
Banerjee N.,2
Banerjee S.,13
Banjar A.,1
Banks D.,1
Bannister J.,4
Bannon R.,1
Bansal D.,2
Bao J.,2
Bao X.,1
Bao Y.,1
Baohong L.,1
Bapat T.,1
Baptista Mario,1
Bar M.,1
Bar-Noy A.,1
Barakat C.,4
Baral C.,1
Baram D.,1
Baraniuk R.,1
Barbara D.,1
Barber D.L.A.,0
Barbera M.V.,1
Barcellos M.,0
Barchanski J.A.,1
Barford P.,17
Barham P.,1
Bari Md.F.,1
Barkai S.,1
Barlet-Ros P.,1
Barnea A.,1
Barre S.,1
Barry B.,1
Bartee T.,0
Barth I.,0
Bartlett G.,4
Barton K.,0
Basat R.B.,1
Basescu C.,1
Baset S.,1
Bashkow T.R.,1
Basso A.,1
Basta A.,0
Basu A.,3
Basu P.,1
Basu S.,1
Batalin M.A.,0
Bates A.,1
Batra A.,1
Battarel G.J.,1
Bauer R.,1
Bauer S.,3
Baum D.,0
Bavel Z.,1
Bavier A.,1
Bay P.,1
Bayhan S.,1
Bazzaz H.H.,1
Beach A.,1
Beck M.,3
Beckett R.,2
Bedwell B.,1
Beg M.,1
Begbie R.T.,0
Begel A.,1
Beheshti N.,1
Behr D.,0
Behr J.-P.,0
Behrens J.,1
Beigbeder T.,2
Beijar N.,1
Belding E.M.,1
Belding-Royer E.M.,2
Beldingt E.M.,1
Belenkiy M.,1
Belgaied K.,1
Belghith A.,0
Bell G.,2
Bellala G.,1
Bellardo J.,1
Belle S.K.,0
Belocchi G.,0
Belpaire G.,0
Belter B.,1
Beltran L.,1
Belzarena P.,0
Ben-Shalom O.,1
Bender A.,1
Benet C.H.,0
Benevenuto F.,2
Benjamin J.,1
Benkö P.,1
Bennett E.P.,1
Bennett J.C.R.,1
Bensaou B.,1
Benson K.,1
Benson T.,7
Benson T. A.,0
Benton K.,1
Berenguer S.S.,1
Beresford A.R.,0
Berg J.O.,0
Berg S.,1
Berger A.,6
Bergman A.,1
Bergman K.,1
Bergsträser S.,1
Bergsträsser S.,1
Bergströmt P.,1
Bermudez I.N.,1
Bernal M.V.,1
Bernhard J.,2
Bernstein A.J.,1
Berry O.,1
Bertelsmeyer C.,1
Bertsekas D.P.,1
Bestavros A.,2
Beugnard A.,1
Beutel J.,1
Bevan P.,1
Beverly R.,7
Bezzaz A.,2
Bhagat C.,1
Bhagwat P.,1
Bhanage G.,1
Bhandarkar S.,1
Bharadia D.,4
Bharadiay D.,1
Bhargava B.,2
Bharghavan V.,2
Bhartia A.,1
Bhattacharjee B.,6
Bhattacharjee R.,2
Bhattacharya A.,0
Bhattacharyya S.,4
Bhatti N.,1
Bhatti N.T.,1
Bhatti S.,3
Bhindwale R.,1
Bhowmik S.,1
Bi J.,2
Bian F.,1
Bian K.,1
Bianchi G.,0
Biatov K.,1
Biaz S.,1
Biczók G.,1
Bienkowski M.,1
Biersack E.,2
Biersack E.W.,1
Biersack Ernst W.,1
Bifulco R.,1
Billington J.,0
Bindel D.,1
Binder R.,1
Birand B.,1
Birchfield D.,1
Birke R.,1
Birkner R.,1
Birmanx K.,1
Bischof Z.S.,3
Bisdikian C.,1
Biswas T.,1
Bitsch J.Á.,1
Björkman M.,1
Bjurefors F.,1
Black R.,1
Blackburn J.,2
Blackburn S.,1
Blackstock M.,1
Blackwell T.,1
Blackwelll T.,1
Blair G.,1
Blake C.,1
Blakey M.,0
Blanc R.P.,1
Blanche P.-A.,1
Blanquer J.M.,1
Blattner M.M.,0
Blefari Melazzi N.,1
Blefari-Melazzi N.,1
Blem E.,1
Blenk A.,0
Blenn N.,1
Bless R.,2
Bliznets I.,1
Blöcher M.,0
Bloessl B.,1
Blond S.L.,1
Blumenthal S.,1
Blumer T.P.,1
Bobick A.F.,1
Bocchi E.,2
Bochmann G.U.,1
Bochmann G.V.,2
Bodik P.,3
Bodík P.,1
Boe B.,1
Boettger J.,1
Bogdanov K.,0
Boggs D.R.,1
Bogineni Kalyani,1
Boll S.,1
Bolla R.,1
Bolot J.,3
Bolot J.-C.,2
Bolotl J.-C.,0
Bolouki S.,1
Bolter J.,0
Bonafiglia R.,1
Bonald T.,1
Bonaventure O.,8
Boncelet Jr. Charles G.,1
Bonfiglio D.,1
Bonneau J.,1
Bonnet P.,1
Bononi L.,1
Bopp T.,1
Borchert K.,1
Boreczhy J.,1
Borenstein N.S.,1
Borg S.,1
Borges A.V.,1
Borgia E.,2
Borgonovo F.,1
Bormann C.,1
Borning A.,1
Borokhovich M.,0
Borthakur D.,2
Bos H.,1
Bose A.,1
Bosshart P.,1
Boston J.,0
Botev B.,1
Böttger J.,2
Bouabene G.,1
Bouet M.,1
Boujemaa N.,1
Bouknight W.J.,0
Boulanger J.-S.,1
Boulis A.,1
Bourque D.,1
Boussetta K.,2
Boustead P.,3
Boutaba R.,2
Boving S.,1
Bowden R.,1
Boyce J.M.,1
Boyer S.W.,1
Brachman Barry J.,1
Bradai A.,1
Braden R.,4
Braden R.T.,1
Brakmo L.S.,1
Bramsen P.,1
Branch P.,2
Brandriff R.K.,1
Brauckhoff D.,2
Braud T.,0
Braun A.-K.,1
Braun H.-W.,3
Braun L.,2
Braun R.,1
Braun T.,4
Braverman V.,1
Brecht T.,1
Breen J.,1
Bremer J.,1
Bremler-Barr A.,3
Brendan C.,1
Brent L.,1
Breslau L.,5
Bressana P.,0
Bressler R.,1
Brewer E.,1
Brewer E.A.,3
Briand J.P.,1
Brice R.,1
Briceno L.,0
Bridges P.C.,1
Brik V.,2
Brinkmeyer W.,1
Brinster I.,1
Broadbent M.,1
Broglio A.,1
Broido A.,1
Broll W.,1
Brooks K.M.,1
Brown A.,1
Brown Geoffrey M.,1
Brown M.G.,0
Brown R.E.,1
Bruckman A.,1
Bruell S.C.,1
Brun J.,1
Brundell P.,1
Brungardt R.,1
Brunner M.,1
Bruno J.,0
Brunstrom A.,0
Bruschi R.,1
Bryan T.,1
Bryhni H.,0
Bu K.,1
Buchmann A.,2
Buchmann A.P.,1
Buchner M.M.,1
Budagavi M.,0
Budiu M.,1
Budrikis Z.L.,1
Buford J.,0
Bugnion E.,1
Bugos Alan R.,1
Buhr R.J.A.,1
Bultennan D.C.A.,1
Bulterman D.C.A.,2
Buneman P.,1
Buonadonna P.,2
Burges C.J.C.,1
Burgstahler L.,2
Burke J.,0
Burkhard W.A.,0
Burkov B.,0
Burnett S.,2
Burnside M.,1
Burren J.W.,2
Bursztein E.,1
Bush R.,5
Bushart J.,1
Busse M.,2
Bustamante F.,0
Bustamante F.E.,5
But J.,2
Butkiewicz M.,2
Butler K.R.B.,1
Butler Z.,1
Buyukkaya E.,1
Buyukkayhan A.S.,0
Buzo A.,0
Byers J.,2
Byers J.W.,1
Byers S.D.,1
Bykova M.,1
Bylemans I.,1
Caballero J.,1
Cabellos-Aparicio A.,1
Cabral C.M.S.,2
Caceres R.,1
Cáceres R.,3
Cadorin E.,1
Caesar M.,5
Cahn A.,1
Cai K.,1
Cai L.,1
Cai L.-H.,1
Cai R.,1
Cai X.,1
Cai Y.,1
Caire G.,1
Calafate C.,1
Calamvokis C.,1
Calder M.,2
Calderwood T.,1
Caldwell B.,1
Caldwell W.,1
Calin D.,1
Callaghan B.,2
Callahan T.,1
Caloini A.,1
Calvert K.,1
Calvert K.L.,2
Calvert Kenneth L.,1
Calyam P.,1
Calyert K.,1
Cambron G.Keith,0
Camp L.J.,1
Campbell A.,1
Campbell A.T.,2
Campbell Andrew,1
Campbell G.,1
Campbell L.,1
Campbell N.W.,1
Campbell R.H.,1
Campista M.E.M.,1
Canadi I.,1
Candea G.,1
Cangialosi F.,1
Canini M.,5
Cano C.,0
Cano J.C.,1
Cao H.,0
Cao J.,1
Cao Y.,1
Cao Z.,1
Capdehourat G.,0
Carapinha J.,1
Carchiolo V.,1
Cardigliano A.,1
Cardoso K.V.,1
Cardwell N.,1
Carisimo E.,1
Carle G.,6
Carlin B.,1
Carlson J.,1
Carlsson N.,1
Carlucci G.,1
Carofiglio G.,2
Carral J.A.,1
Carrig B.,1
Carter Fred,0
Carter J.,3
Carter K.M.,1
Carter W.C.,0
Carzaniga A.,3
Casado M.,1
Casapulla G.,1
Casas P.,4
Cascarano N.,1
Cascaval C.,1
Casetti C.,1
Casey Liam,0
Cash G.L.,0
Cassel L.N.,1
Castanet R.,0
Castanon D.,1
Castelluccia C.,2
Castiñeyra I.,1
Castonguay J.,1
Castro I.,0
Castronova E.,1
Cauleld T.,1
Caulfield T.,1
Cavalli A.R.,1
Cazita C.,1
Cepleanu A.,1
Cerf V.,0
Cerny E.,1
Cerrato I.,1
Cerroni W.,1
Cevizci I.,1
Cha G.-H.,1
Cha M.,6
Chaabane A.,1
Chabarek J.,1
Chabridon S.,1
Chachra N.,1
Chachulski S.,1
Chadalapaka M.,1
Chai W.,1
Chaiken R.,1
Chaintreau A.,5
Chaiorn L.,1
Chakareski J.,2
Chakrabarti K.,0
Chakraborti A.,1
Chakraborty A.,1
Chakravarty S.,0
Chambers C.,2
Chan E.W.W.,2
Chan J.Y.K.,0
Chan M.,1
Chan M.C.,1
Chan S.Y.,1
Chan Wendy Y.L.,1
Chanda A.,1
Chandalia G.,1
Chandaria J.,1
Chandra Kavitha,1
Chandra R.,1
Chandra S.,1
Chandrakasan A.,1
Chandran S.R.,1
Chandranmenon G.P.,1
Chandrasekaran B.,1
Chandrasekaran V.,0
Chandrashekar J.,3
Chang C.-Y.,1
Chang Chi-ching,1
Chang Chun-Shi,1
Chang D.-F.,2
Chang E.,0
Chang E.-C.,0
Chang E.Y.,2
Chang F.,1
Chang H.,3
Chang H.-C.,1
Chang J.-F.,0
Chang L.,1
Chang R.-C.,1
Chang R.K.C.,3
Chang R.W.,1
Chang S.-F.,2
Chang W.,1
Chanson S.T.,1
Chanson Samuel T.,1
Chao H.Jonathan,1
Chapman A.,1
Chari V.,1
Charlie Hu Y.,0
Charousset D.,1
Chasaki D.,0
Chase C.,2
Chase J.,2
Chase J.S.,2
Chase M.,1
Chatterjee A.,1
Chatzis N.,4
Chaudhry A.,0
Chaudhry G.I.,0
Chaviaras G.,1
Chawathe Y.,3
Chawla M.,1
Che H.,2
Cheetancheri S.G.,1
Chelluri A.,0
Chen A.,3
Chen B.,1
Chen B.-S.,1
Chen B.D.,2
Chen C.,1
Chen C.-C.,1
Chen C.-N.,1
Chen E.,1
Chen G.,1
Chen H.,3
Chen J.,6
Chen Jian-Liang,1
Chen K.,3
Chen K.-J.,0
Chen K.-T.,3
Chen L.,6
Chen L.-J.,1
Chen L.-W.,1
Chen M.,2
Chen M.-H.,1
Chen M.-S.,0
Chen Q.A.,2
Chen R.,1
Chen R.C.,1
Chen S.,2
Chen S.-C.,1
Chen T.,2
Chen T.C.,0
Chen W.,1
Chen X.,4
Chen Y.,9
Chen Y.-C.,4
Chen Z.,1
Cheng A.,2
Cheng B.,2
Cheng C.,1
Cheng Chunhsiang,1
Cheng H.,1
Cheng L.,1
Cheng L.-T.,1
Cheng P.,1
Cheng Y.,3
Cheng Y.-C.,1
Cheok A.D.,2
Cheong W.-S.,1
Cheriton D.R.,7
Cheriton David R.,1
Cherkasova L.,0
Chervenak Ann L.,0
Cheshire S.,1
Chesnais Pascal R.,1
Chetty M.,2
Cheung A.,1
Chew E.,2
Chhabra P.,1
Chiang J.,1
Chiang L.,1
Chiang M.,3
Chiasserini C.F.,1
Chiesa M.,1
Chim J.H.P.,1
Chinchali S.,1
Chinoy B.,1
Chintalapudi K.K.,1
Chiocchetti R.,1
Chiu A.,2
Chiu C.K.H.,1
Chiu D.-M.,2
Chiu D.M.,1
Chiu P.,1
Chiu Y.-C.,1
Chiueh T.-C.,2
Chlamtac I.,1
Cho I.,1
Cho J.,1
Cho J.Y.,0
Cho K.,1
Cho S.,0
Cho T.W.,1
Cho Y.,0
Choffnes D.,7
Choffnes D.R.,2
Choi B.,1
Choi B.-Y.,1
Choi Byung-Kyu,0
Choi C.-H.,1
Choi C.H.,1
Choi J.K.,0
Choi Jun Kyun,0
Choi S.,1
Choi T.,1
Choi Y.,3
Chole S.,2
Chon K.,1
Chou C.-F.,1
Chou P.A.,1
Chou Stephen T.-C.,1
Chou W,1
Chou W.,1
Choudhury G.L.,0
Choudhury R.R.,2
Chow C.H.,1
Chow S.,1
Chowdhury M.,9
Choy Michael,1
Christiansen M.,1
Christin N.,1
Christofoli J.,1
Christopher Ramming J.,1
Chrysanthis Panos K.,1
Chu C.-Y.,1
Chu F.-I.,1
Chu H.-H.,1
Chu J.,1
Chu K.,1
Chu P.M.,1
Chu W.,0
Chu W.W.,1
Chu X.,1
Chu Y.,1
Chu Y.-H.,1
Chua T.-S.,2
Chua T.S.,0
Chuah C.-N.,6
Chuang J.,3
Chuang S.-T.,3
Chuanxiong G.,1
Chun B.-G.,3
Chun B.N.,1
Chun H.,1
Chunduri U.,1
Chung A.W.,0
Chung C.,1
Chung C.-W.,1
Chung M.J.,1
Chung R.,1
Chung T.,1
Churr B.N.,1
Cidon A.,1
Cidon I.,2
Cifuentes D.,1
Cimet I.A.,2
Ciobotaru B.,1
Ciraci S.,1
Cittadini L.,1
Ciucu F.,3
Ciuffoletti A.,1
Claffy K.,9
Claffy K.C.,2
Clare L.P.,1
Clark C.,1
Clark D.,5
Clark D.D.,9
Clark David D.,1
Clark R.,3
Clarke E.M.,1
Claussen H.,1
Claypool M.,5
Clayton R.,0
Clement A.,1
Clemm A.,1
Closs F.,1
Clowes G.J.,0
Coates K.E.,0
Coates M.,2
Coatsworth M.,1
Cocchi R.,1
Code B.,1
Cohen A.,1
Cohen D.,1
Cohen E.,5
Cohen K.L.,1
Cohen P.R.,1
Cohrs David L.,0
Cole C.A.,1
Cole R.,1
Colella R.,1
Coleman J.D.,0
Colle D.,1
Collins A.,1
Collins M.P.,1
Coltun R.,1
Comarela G.,3
Comer D.,1
Comer D.E.,1
Conan V.,2
Condell M.,1
Congdon B.,1
Coninx K.,1
Conrad M.,2
Considine J.,1
Constandache I.,1
Constantin F.,1
Contavalli C.,1
Conti M.,3
Cooke E.,1
Cooley R.,1
Cooper C.S.,1
Cooper D.,1
Cooper M.,2
Coppens T.,1
Corin R.D.,1
Cornea R.,1
Corner M.,1
Correndo G.,0
Costa K.,1
Costa P.,4
Costeux J.-L.,1
Cotton I.W.,0
Cottrell L.,1
Coughlan R.,2
Coughlin M.,1
Coulson G.,0
Coulson Geoff,1
Counterman Raymond,1
Courcoubetis C.,1
Courtiat J.-P.,2
Courtiat J.P.,1
Courtney J.D.,0
Couto A.P.,1
Cowan D.D.,1
Cox A.L.,1
Cox L.,2
Cox L.P.,1
Coyle A.,0
Cozzolino V.,1
Crabtree A.,1
Craighill E.J.,1
Cranor C.D.,1
Craven R.,1
Crawford S.,1
Crespi N.,1
Crespi V.,1
Cressier G.,1
Crete-Nishihata M.,1
Cricenti A.,1
Crisan D.,1
Crocker D.H.,1
Cronkite-Ratcliff B.,1
Crovella M.,12
Crowcroft J.,14
Crowley P.,1
Crowther W.,0
Crux I.F.,0
Cruz M.,1
Cruz R.,1
Csikor L.,3
Csoma A.,1
Cuevas A.,0
Cui H.,1
Cui J.-H.,1
Cui S.,1
Cui T.,1
Cui W.,1
Cui Y.,1
Culbertson W.B.,1
Culhane W.,1
Culler D.,2
Cunche M.,1
Cunha I.,3
Cunha Í.,3
Curtis A.R.,2
Cuvellier X.,1
Cybenko G.,1
Czarnaski J.,0
Czech R.M.,1
Czentye J.,1
Cziva R.,1
Czyz J.,3
D'Alconzo A.,1
D'Ambrosio M.,1
D'Heureuse N.,1
D'Souza K.,1
D'Souza R.M.,1
Dabanoglu C.,0
Dabbous W.,3
Dahbura A.,1
Dahlberg T.A.,2
Dahley O.,1
Dai B.,1
Dai H.,1
Dai Y.,3
Dainotti A.,4
Daka J.S.J.,1
Dalai M.,1
Dalai Y.K.,1
Dalal Y.K.,1
Dalek J.,1
Dalmau L.,1
Dalton C.,1
Damsker R.,1
Dán G.,0
Dandapat S.K.,1
Dandekar K.R.,1
Dang Y.,1
Dannewitz C.,1
Danthine A.A.S.,1
Dantu K.,1
Danzig P.B.,4
Danzig Peter B.,1
Daraiseh A.-G.A.,0
Darken R.P.,0
Das A.,1
Das G.,0
Das R.,1
Das S.,4
Das S.K.,1
Das S.M.,1
Das S.R.,4
Das T.,1
Dasari M.,1
Dasgupta A.,1
Dash D.H.,1
DaSilva L.A.,1
Datta T.,1
Dave P.,1
Dave V.,2
Davenport G.,1
Davids M.,0
Davidson J.,1
Davie B.,1
Davie B.S.,2
Davis H.C.,0
Davis M.,3
De Almeida J.M.,1
De Amorim M.D.,1
De Boer P.-T.,1
De Camargo E.T.,0
De Carli L.,1
De Cicco L.,2
De Cindio F.,1
De Cristofaro E.,3
De Cuetos P.,1
De Donato W.,3
De Jong C.,0
De Launois C.,1
De Oliveira I.N.,1
De Oliveira R.C.,1
De Pellegrini F.,1
De Prisco R.,2
De Schmidt O.R.,2
De Schmidt R.O.,0
De Shon M.,1
De Silva U.,1
De Sousa L.P.,1
De Souza G.L.,1
De Turck F.,0
De Vleeschauwer D.,3
De Vries R.J.F.,1
De Vries W.B.,1
De Wagter P.,1
Deblasio J.,1
DeBlock R.J.,1
Deboosere L.,0
Debruyne A.,0
Deckers E.,1
Decotignie J.-D.,1
Deering Mary Jo,1
Deering S.E.,3
Defrance S.,1
Degioanni L.,1
Degrande N.,2
DeHaan D.,1
Dehart J.,1
DeHon A.,0
Deibert R.J.,1
Dejong M.,1
Delap M.,1
DeLap M.,1
Delerue O.,1
Delis V.,1
Delmastro F.,2
Delp G.S.,1
Demaine E.,1
Demaine E.D.,1
Demar P.,1
Demeester P.,1
DeMenthon D.,2
Demers A.,1
Demers Alan,1
Demianiuk V.,0
Demoulin H.M.,0
Deng B.,1
Deng H.,0
Deng J.,1
Deng R.,1
Deng R.H.,1
Deng S.,2
Deng Shuang,1
Deng X.,1
Deng Y.,1
Deng Z.,1
Denieffe D.,1
Denning P.J.,1
Deora S.,1
Der M.F.,1
Deri L.,2
Dermler G.,0
DeRoure D.,1
Desai G.,1
Desai R.,0
Deshpande P.,1
DeSimone A.,1
DesJardins R.,0
Detal G.,1
Dethise A.,0
Detti A.,2
Devanur N.,1
Devetsikiotis M.,1
Devitt A.,2
Devlic A.,1
Dewes C.,1
Dey A.K.,1
Dey P.,1
Dey R.,1
Dey S.,0
Dhamdhere A.,6
Dhananjay A.,1
Dharmapurikar S.,2
Dhawan M.,1
Dhoedt B.,0
Dhuliya A.,0
Di Battista G.,1
Di Francesco P.,1
Di Pietro A.,1
Di Vito B.L.,1
Diab K.,0
Dias Silva M.,1
Diaz C.,1
Diaz M.,1
DiBenedetto S.,1
DiCiccio V.,1
DiCioccio L.,1
Dickert S.,1
Didebulidze A.,1
Dietrich D.,1
Dietzel C.,2
Diffley M.W.,0
Diggavi S.,1
Diklic D.,1
Dimitropoulos X.,6
Dimitrova D.C.,1
Dimitrova N.,3
Dinda P.A.,1
Ding A.Y.,0
Ding C.,1
Ding D.,1
Ding H.,1
Ding J.,0
Ding N.,1
Ding W.,1
Ding Y.,2
Diot C.,18
Dischinger M.,3
Dittmann J.,2
Dixit A.,2
Dixon C.,1
Djeraba C.,1
Djuknic Goran,0
Do Carmo U.,0
Doan T.T.,0
Dobie M.R.,0
Dobrian F.,2
Dobrijevic O.,1
Doerfler P.,1
Doermann D.,2
Doerr C.,1
Dogar F.R.,2
Doherty J.,2
Döhne E.,0
Dóka J.,0
Dolan M.F.,0
Dolev D.,1
Doll D.R.,0
Döller M.,1
Dolzer K.,2
Domingo-Pascual J.,1
Dominicini C.K.,0
Dominique E.,1
Donaldson A.F.,1
Donatelli S.,1
Donath Judith S.,0
Donatiello L.,1
Dong C.,1
Dong D.,2
Dong J.,0
Dong L.,1
Dong M.,1
Donnelly S.,1
Donnelly W.,0
Donnet B.,5
Donoho D.,1
Donovan S.,1
Donovan S.P.,2
Döpmann C.,0
Dorai C.,1
Doriguzzi Corin R.,1
Dos Reis Fontes R.,1
Douceur J.R.,1
Dougherty D.J.,1
Dove Ken F.,1
Dovrolis C.,10
Dow D.E.,0
Dowd Patrick W.,1
Downey A.B.,2
Doyle J.,1
Drago I.,2
Dreger H.,1
Dressler F.,1
Drews C.,0
Drini_ M.,1
Drobnik O.,1
Droms R.E.,0
Droux N.,1
Druschel P.,8
Drynan D.,1
Du D.H.C.,1
Du M.,1
Du Y.,1
Duan H.,1
Duan L.-Y.,2
Duan Y.,0
Duan Z.,1
Duanmu F.,1
Duarte E.P.,0
Duarte J.M.,1
Duarte O.,1
Dube R.,1
DuBois D.F.,0
Duchamp D.,1
Duda A.,1
Dudycz S.,1
Duffield N.,12
Duffield N.G.,2
Duffin J.,2
Dugger J.,0
Duke D.J.,1
Dukkipati N.,4
Dulay N.,1
Dumitra_ T.,1
Dunagan J.,1
Dunlap K.J.,1
Dunn D.F.,1
Durairajan R.,3
Durlak Jerome,1
Dürr F.,1
Durumeric Z.,3
Dutt N.,1
Dutta A.,2
Dvorak D.L.,0
Dwaraki A.,1
Dwarkadas S.,1
Dwertmann C.,1
Dydensborg M.B.,1
Dzinamarira S.,1
Eagan J.,2
Eager D.,1
Eager D.L.,1
Ecanomapoulos P.,0
Echenique A.,1
Eckert A.,0
Eckhardt D.,1
Edge S.W.,1
Edmond W.,2
Edmundson A.,1
Edsall T.,3
Educom J.C.E.,0
Edwards A.,2
Edwards A.D.N.,0
Edwards W.K.,4
Ee C.,1
Ee C.T.,1
Effelsberg W.,3
Efthymiou A.,1
Egele M.,1
Egger S.,1
Eggert L.,2
Egi N.,1
Eide S.P.,0
Eide V.S.W.,1
Eigen D.J.,1
Einert D.,0
Einziger G.,1
Eisenman S.B.,1
Eittenberger P.M.,1
Ekbal A.,1
El Zarki Magda,1
El-Ansary S.,1
El-Arini K.,2
El-Hassany A.,1
El-Hoiydi A.,1
El-Medani S.,0
Eleftheriadis A.,1
Elek J.,1
Eliassen F.,1
Elkhatib Y.,2
Elliott C.,1
Ellithorpe J.,1
Elmeleegy K.,2
Elmokashfi A.,2
Elnahrawy E.,1
Elsanadidi M.Y.,0
Elwalid A.,1
Elzur U.,1
Emer J.S.,1
Emmerich P.,1
Emmons J.,0
En-Najjary T.,2
Endo P.T.,1
Engler D.R.,2
Ennis G.,1
Enright B.,1
Ensafi R.,2
Enshayan B.,0
Enyedi G.,1
Enz C.,1
Eom Y.-H.,2
Epasto A.,1
Eppstein D.,1
Eran H.,1
Eranti V.,1
Erickson D.,2
Eriksson B.,4
Erman J.,5
Ermolinskiy A.,1
Ernits M.,1
Erol B.,2
Erol M.,1
Erramill V.,1
Erramilli A.,1
Erramilli V.,2
Erran Li L.,1
Erway C.C.,1
Esaki H.,0
Escriva R.,1
Esposito F.,1
Estan C.,3
Estrin D.,9
Estrin Deborah,1
Ettus M.,1
Eugene Ng T.S.,1
Eugster P.,1
Evensen K.,0
Everhart C.F.,1
Ezust S.A.,1
Faber S.,1
Faber T.,2
Faber Theodore,1
Faggiani A.,1
Fahim A.,1
Fahmy S.,0
Faiman M.,1
Faiman Michael,1
Fainman Y.,3
Faioutsos C.,1
Falahrastegar M.,1
Falaki H.,1
Falk A.,2
Falk G.,0
Falkner J.,1
Fall K.,5
Fallin C.,1
Faloutsos C.,0
Faloutsos M.,4
Faloutsos P.,1
Faltelli M.,0
Faltings B.,2
Fältström P.,1
Fan B.,1
Fan C.,1
Fan J.,2
Fan X.,3
Fan Y.,1
Fang D.,2
Fang J.,1
Fang T.,0
Fankhauser P.,0
Fanou R.,1
Faraday P.,1
Farahbakhsh R.,1
Farber D.J.,3
Farhat H.,1
Farin D.,1
Farinacci D.,1
Farjami P.,1
Farmer W.D.,1
Faro A.,1
Farooqi S.,1
Farrington N.,3
Farzbiz F.,1
Fawaz K.,0
Fayazbakhsh S.K.,2
Fayed M.,2
Fazzion E.,0
Fdida S.,2
Feamster N.,18
Feather F.,1
Feehrer J.,1
Feeley M.J.,1
Fehri M.C.,1
Feigenbaum J.,2
Feiner S.,1
Feinstein A.,1
Felderman B.,1
Feldman M.,1
Feldmann A.,16
Feldmeier D.C.,2
Félegyházi M.,1
Felix Wu S.,1
Felter W.,3
Fendick K.W.,1
Fendick Kerry W.,1
Feng B.,1
Feng D.,1
Feng D.D.,1
Feng F.,1
Feng J.,1
Feng M.,1
Feng W.-C.,11
Feng Y.,2
Feng Z.,1
Fenner B.,1
Ferdman M.,0
Ferencz A.,0
Ferguson A.D.,2
Ferlin S.,1
Fernandes E.L.,0
Fernandes N.C.,1
Ferraz C.,1
Ferreira D.C.,1
Ferreira R.A.,1
Ferretti S.,1
Festin C.,1
Fiadino P.,1
Ficarra T.L.,1
Fida A.,0
Fida M.-R.,1
Fiederer W.,0
Fiedler M.,1
Fiedler U.,1
Field J.A.,1
Fietz J.,0
Fifield D.,1
Figueira N.R.,1
Filer M.,1
Filsfils C.,1
Finamore A.,2
Fineberg S.A.,0
Fingerhut A.,2
Fingler H.,1
Fink S.A.,1
Finney J.,1
Firestone D.,1
Firner B.,1
Firoozshahian A.,1
Fischer K.,0
Fischer S.,1
Fisher A.,1
Fisk G.,0
Fisk M.,2
Fisler K.,1
Fitzek F.,1
Fitzek F.H.P.,1
Flach T.,3
Flavel A.,1
Fleisch B.D.,2
Fleming K.E.,1
Fletcher J.G.,0
Fletcher R.D.S.,1
Fleury A.V.,0
Flickenger R.,1
Flinck H.,1
Flittner M.,1
Florian M.,0
Floyd S.,6
Floydt S.,1
Flynn M.,0
Fock L.K.,0
Foerster K.-T.,1
Fok W.W.T.,2
Folts H.C.,0
Fomenkov M.,0
Fonda C.,1
Fong P.W.L.,0
Fong S.W.,1
Fonseca R.,4
Fontaine P.,1
Fontugne R.,1
Foote J.,3
Foote J.T.,0
Ford B.,2
Ford J.,2
Ford W.S.,1
Foremski P.,1
Forencich A.,3
Formoso A.,1
Fornoff J.,1
Förster K.-T.,1
Fortuna C.,0
Foster I.,2
Foster N.,3
Foucard D.,0
Foudriat E.C.,1
Fourmaux O.,0
Fox E.A.,1
Fragouli C.,1
Fraigniaud P.,1
Fraïssé S.,1
Francez N.,1
Francis P.,11
François A.R.J.,1
Francois P.,2
Frank B.,2
Frank H.,1
Frans Kaashoek M.,1
Fraser A.G.,0
Fratta L.,2
Fredj S.B.,1
Freedman M.J.,3
Freedmanxz D.A.,1
Freeman B.,2
Freestone A.,1
Frei S.,1
Freitag F.,1
Fridrich J.,1
Friebe S.,0
Fried J.,1
Friedlander N.,1
Friedman A.,2
Friedman D.,1
Friedman E.,2
Friedman R.,1
Friedman T.,5
Fritsch T.,2
Froitzheim K.,0
Fromer J.,1
Fromm R.,0
Frömmgen A.,1
Frossard P.,1
Fu B.,1
Fu K.,2
Fu Q.,2
Fu T.,1
Fu T.Z.J.,1
Fu W.,1
Fu X.,2
Fu Z.,0
Fuchs H.,1
Fuentes V.,1
Fugal H.,1
Fujinoki H.,1
Fukuda A.,1
Fukuda K.,3
Fukui K.,0
Fullmer C.L.,1
Funnell A.,1
Furey I.,1
Fusco F.,4
Fussell S.R.,1
Gabber E.,0
Gabielkov M.,1
Gable M.G.,0
Gabler H.G.,0
Gafni E.M.,1
Gage Kelley P.,1
Gaglianello B.G.,1
Gaglianello R.D.,1
Gaikwad S.,1
Gaines R.S.,0
Gaito S.,2
Galati A.,0
Gallenmüller S.,1
Gallo M.,1
Galstyan A.,1
Gamal H.E.,0
Game D.,1
Ganapathy S.K.,1
Gandhi A.,2
Gandhi R.,2
Ganeriwal S.,3
Ganesan D.,4
Ganesh S.,1
Ganguly N.,1
Ganichev I.,1
Ganjali Y.,3
Ganjam A.,1
Gansner E.,1
Ganu S.,2
Ganz A.,1
Gao C.,0
Gao H.,2
Gao J.,3
Gao K.,1
Gao L.,6
Gao P.X.,3
Gao Q.,1
Gao T.,1
Gao X.,1
Gao Z.,2
Gaonkar S.,1
Garcia Francisco,1
Garcia J.,0
García-López P.,1
Garcia-Luna Aceves J.J.,1
Garcia-Luna-Aceves J.J.,1
Garcia-Luna-aceves J.J.,1
Garcia-Luna-Aceves J.J.,6
Garcia-Luna-aceves J.J.,0
Garcia-Molina H.,1
Gardarin G.,0
Gardella R.S.,0
Gardellin V.,1
Gardlo B.,1
Garg S.,1
Garikipati K.C.,1
Garlick L.,0
Garlick L.L.,1
Garofalakis M.,1
Garrett M.W.,1
Gashinsky I.,1
Gasparakis J.,1
Gass R.,1
Gasser O.,2
Gatej R.,1
Gatica-Perez D.,1
GauthierDickey C.,1
Ge C.,0
Ge L.,1
Ge X.,1
Ge Z.,6
Geiger D.,1
Geisselhardt W.,1
Geißler S.,1
Gelb D.,1
Gelernter D.,2
Gember A.,3
Gember-Jacobson A.,4
Gemmell J.,1
Gendrot R.,1
Genesis N.,1
Geng Y.,2
Gentile O.,1
Georganas N.D.,3
George Gerard,1
Georgiadis L.,1
Georgopoulos P.,1
Gerakoulis D.P.,0
Gerber A.,6
Gerla M.,6
Germano P.,1
Gerola M.,2
Gevros P.,1
Geyer F.,1
Ghai S.K.,2
Ghanta S.,1
Gharaibeh M.,2
Gharakheili H. H.,0
Gharakheili H.H.,1
Ghiëtte V.,0
Ghinea G.,1
Ghita D.,1
Ghobadi M.,5
Ghodsi A.,4
Ghorbani S.,1
Ghose A.,3
Ghosh S.,2
Giaccone P.,0
Giachino M.,1
Gibb G.,2
Gibbens R.J.,1
Gien M.,1
Giesen H.,0
Gigandet S.,1
Gigis P.,1
Gil S.,1
Gilad Y.,1
Gilani Z.,1
Gilbert A.C.,1
Gilbert P.,1
Gilbert R.S.,1
Gill C.,1
Gill H.,1
Gill P.,9
Gill V.,1
Gillum E.,1
Ginsberg A.,1
Giotsas V.,3
Girard E.,1
Girgensohn A.,5
Girod B.,1
Girod L.,1
Gitman I.,1
Gjessing S.,1
Gjoka M.,2
Gkantsidis C.,3
Glas G.,0
Glatz E.,1
Gleiter L.,0
Glick M.,1
Glinert E.P.,1
Glinka F.,1
Glover K.,1
Glow J.,1
Glqndeharizadeh S.,1
Godfrey B.,2
Godfrey P.B.,4
Goebel V.,2
Goel A.,4
Goel S.,1
Goergen N.,1
Goettsch A.,0
Gogia K.,0
Goglin S.,1
Goh K.,1
Goh K.H.,1
Goiestani S.J.,1
Gokhale A.,1
Golab L.,1
Golani R.,1
Gold R.,1
Goldberg K.,1
Goldberg S.,3
Goldstein J.,1
Goldszmidt M.,1
Goliszewski M.,1
Goljan M.,1
Gollakota S.,10
Gollu K.K.,1
Goma E.,1
Gomes L.H.,1
Gomez Hidalgo J.M.,1
Gomez J.,1
Goncalves G.D.,1
Gong H.,1
Gong J.,1
Gong N.Z.,1
Gong W.-B.,1
Gong Z.,2
Gonsalves T.A.,1
Gonzalez G.,1
Goodchild B.J.,1
Goodman J.,1
Goodrich M.T.,1
Goodwin M.,1
Gopal A.,1
Gopal C.,0
Gopal I.,2
Gopal M.,1
Gopal P.M.,1
Gopal S.,2
Gopala P.K.,0
Gopalakrishnan V.,2
Gorg C.,1
Görg C.,1
Gorinsky S.,1
Göritz A.,1
Gorlatch S.,1
Gorlatova M.,0
Gosain D.,0
Goss M.E.,1
Goto S.,1
Gottlieb J.,1
Götz S.,1
Gotzhein R.,1
Gouda M.G.,3
Gouda Mohamed G.,1
Govindan R.,16
Govindaraj K.,1
Gowda M.,1
Gowdagere M.,1
Goyal A.,2
Goyal P.,3
Goyal V.K.,1
Gracia-Tinedo R.,1
Graf T.,1
Graham I.,2
Graham J.,1
Graham M.,1
Graham S.L.,1
Graham T.C.N.,1
Grampín E.,1
Grandl R.,3
Granlund S.,1
Granmo O.-C.,1
Grant A.,1
Granville L.Z.,0
Gravey A.,1
Gray J.P.,0
Green E.,1
Green M.,1
Greenberg A.,11
Greenberg M.,1
Greenhalgh A.,5
Greenstein B.,2
Gregori E.,3
Grenier E.J.,1
Grewe D.,1
Gribble S.,1
Gribble S.D.,1
Grieco L.A.,1
Grier C.,2
Griffin T.,1
Griffin T.G.,4
Griffioen J.,1
Grimm R.,1
Gringoli F.,1
Grinnemo K.-J.,0
Grinter R.E.,2
Grit L.,2
Griwodz C.,2
Grobicki Chris,1
Grolmusz V.,1
Gross T.,1
Grossglauser M.,3
Grossklags J.,1
Grossman G.R.,0
Grosvenor M.P.,1
Grothe D.M.,0
Grover S.,1
Gruber J.G.,1
Gruchevsky S.A.,0
Grunenberger Y.,2
Grunwald D.,2
Gruteser M.,2
Grzymala-Busse J.,1
Grzymala-Busse J.W.,0
Gu C.,1
Gu D.,1
Gu G.,1
Gu I.Y.H.,1
Gu J.,1
Gu Y.,2
Guan C.,1
Guan H.,3
Guan J.,1
Guan X.,2
GuanHua Z.,1
Gudipati A.,2
Guedes D.,0
Guerin R.,2
Guérin R.,1
Guerrini F.,0
Gueye B.,1
Guha A.,3
Guha S.,6
Guitton P.,0
Gulyas A.,1
Gulyás A.,3
Gummadi K.,2
Gummadi K.P.,9
Gummadi R.,2
Gün Sirer E.,1
Gunes M.H.,1
Gunn C.S.,1
Gunnar A.,1
Gunningberg P.,3
Guo C.,3
Guo F.,1
Guo J.,0
Guo K.,2
Guo L.,1
Guo W.,1
Guo Y.,3
Guo Z.,0
Guok C.,1
Gupta A.,4
Gupta D.,1
Gupta G.K.,0
Gupta H.,1
Gupta M.,6
Gupta T.,2
Gupta V.,1
Gurbani V.,1
Gurney A.J.T.,2
Gürsun G.,3
Gurtov A.,1
Gusat M.,1
Gushchin A.,1
Guthier B.,1
Güttler C.,1
Guyton J.D.,1
Gyarmati L.,2
Ha S.,1
Ha_ A.,1
Haamid A.L.,1
Haas Z.,1
Haas Z.J.,2
Haase O.,0
Habara K.,0
Habib A.,1
Hachen D.,1
Hadaller D.,1
Haddadi H.,3
Haeberlen A.,7
Haffner P.,3
Haga P.,0
Hailes S.,1
Hajek B.,2
Hakimzadeh K.,0
Hakonen H.,1
Halderman J.A.,2
Halepovic E.,2
Hales D.,1
Hall J.,2
Hall R.S.,1
Hall W.,0
Hallahan W.,1
Halperin D.,1
Halvorson T.,1
Ham L.,1
Hamacher V.C.,1
Hamada T.,3
Hamadeh L.,1
Hamed E.,2
Hamedazimi N.,1
Hamm C.,1
Hampel T.,1
Hampton R.M.,0
Hamza A.,1
Han B.,2
Han C.C.,2
Han D.,5
Han J.,1
Han L.,1
Han R.,1
Han S.,3
Han X.,0
Han Z.,0
Hancock R.,1
Hand S.,3
Handigol N.,3
Handley M.,11
Hannak A.,2
Hannu H.,1
Hans M.C.,1
Hansen A.F.,0
Hansen O.,1
Hanson V.,1
Hantono B.,1
Hao F.,2
Hao S.,3
Hara Y.,0
Harada K.,0
Harangozó J.,1
Harchol Y.,1
Hardaker W.,1
Hardman L.,2
Hare J.,1
Harita Bhaskar R.,1
Harkous H.,1
Harras K.A.,1
Harris Linda,1
Harrison R.,0
Harrop W.,3
Hart G.W.,1
Hartert R.,1
Hartleb F.,1
Hartmann J.,1
Hartung J.,1
Hasan J.,1
Hasan S.,2
Haselton B.,1
Hashida O.,0
Hashimoto T.,1
Hashimoto Y.,2
Haskell B.G.,0
Hassanieh H.,2
Hassing T.E.,0
Hastings M.,1
Hasumi D.,0
Hathaway W.,1
Hätönen S.,1
Hauptmann A.G.,2
Hauser C.,2
Hay D.,1
Hayasaka R.,0
Hayashi M.,0
Hayes J.F.,0
Hayes-Roth B.,1
Hazeyama H.,2
He D.,0
He J.,1
He K.,4
He T.,3
He W.,0
He X.,1
He Y.,1
Heafner J.F.,1
Hearn A.,1
Heatley S.,1
Heckmann O.,2
Heer J.,1
Heermann C.,1
Heeter C.,0
Hefeeda M.,1
Hefeeda M.M.,0
Heidemann J.,11
Heilman E.,1
Heimgaertner F.,1
Heimlicher S.,1
Heinen S.,1
Helbig T.,0
Helfman J.,1
Heller B.,4
Hellerstein J.,1
Helmy A.,2
Henderson A.,1
Henderson D.A.,1
Henderson T.,4
Hendricks J.,1
Hendriks L.,1
Hengartner U.,2
Heninger N.,1
Henkel L.,0
Henri S.,1
Herbst I.,1
Herley C.,1
Herman A.,0
Herman I.,1
Hermes Th.,1
Hero III A.O.,2
Herzberg A.,1
Herzog J.H.,1
Herzog S.,1
Hesmans B.,2
Hess A.,1
Heszberger Z.,1
Heusse M.,1
Heying Z.,1
Hibino S.,1
Hiesgen R.,0
Higginson P.,1
Hikichi K.,1
Hikita S.,1
Hildebrandt T.,2
Hill Paul M.,0
Hilt V.,1
Hines M.,1
Hinn R.,1
Hirano M.,1
Hirotsu T.,1
Hirth M.,1
Hisamatsu T.,1
Hithnawi A.,1
Hitson B.L.,1
Hjálmt_sson G.,1
Hluchyj M.G.,1
Hmelo C.,1
Ho J.S.M.,1
Ho L.,2
Hoang N.P.,0
Hoashi K.,1
Hodge P.,1
Hoe J.C.,1
Hoerdt M.,1
Höfner S.,0
Hogea D.,1
Högqvist M.,1
Hohlfeld O.,3
Hohn N.,2
Holbrook H.W.,2
Hollembaek B.,1
Hollenbeck S.,1
Höllerer T.,1
Hollfelder S.,0
Hollick M.,2
Holliman M.,1
Holloy M.K.,0
Holmgren S.F.,1
Holterbach T.,1
Holz R.,2
Holz T.,2
Hölzle U.,2
Homeffer M.,1
Honda M.,1
Hong C.-Y.,2
Hong D.,1
Hong G.,1
Hong J.,1
Hong J.-H.,1
Hong K.,1
Hong L.-W.,1
Hong S.,2
Hong S.S.,1
Hong W.,1
Honicky R.J.,1
Hooks D.,1
Hooper Don,0
Hopper A.,0
Hori O.,1
Horn G.B.,1
Hornbeek M.W.A.,0
Horowitz M.,2
Horpácsi D.,1
Horton J.D.,1
Hosanagar K.,1
Hosseini M.,1
Hosseini S.A.,1
Hotz Steven,1
Hou I.-H.,1
Hou J.C.,1
Hou X.,1
Hou Y.T.,1
Houidi I.,2
Houidi Z.B.,1
Howard H.,1
Howard R.,1
Howe H.,1
Hristov R.,1
Hronik E.J.,1
Hsia Y.-T.,1
Hsiao H.-C.,1
Hsieh C.-T.,1
Hsieh P.-C.,1
Hsieh W.,1
Hsu M.-Y.,2
Hsu N.-T.,1
Hsu W.-L.,1
Hu C.,4
Hu D.,1
Hu H.,2
Hu J.,1
Hu P.,3
Hu S.-V.,1
Hu S.-Y.,1
Hu W.,1
Hu X.,2
Hu Y.,2
Hu Y.-C.,3
Hu Y.C.,6
Hu Z.,2
Hua K.A.,1
Hua X.-S.,2
Hua Y.,1
Huan T.H.,0
Huang C.,2
Huang D.,1
Huang D.Y.,1
Huang E.,2
Huang H.,1
Huang J.,4
Huang L.,3
Huang N.,1
Huang P.,3
Huang Q.,3
Huang R.,1
Huang S.-C.,1
Huang T.-Y.,4
Huang T.S.,0
Huang W.,2
Huang X.S.,1
Hubaux J.-P.,2
Hubble C.,1
Huberman B.,1
Hudak P.,1
Huffaker B.,7
Huffman E.,1
Hughes G.,1
Hughes H.D.,1
Hughes J.,1
Hui J.,1
Hui P.,5
Huici F.,4
Huitema C.,0
Hull B.,3
Hull J.J.,2
Humblet Pierre A.,1
Hummel B.,1
Hunt D.H.,0
Hupperich T.,1
Hürst W.,1
Hurtig P.,0
Hussain A.,3
Huston G.,2
Hutchings A.,0
Hutchinson N.,1
Hutchinson N.C.,1
Hutchison D.,1
Hutchison David,1
Hutto P.,1
Hutton L.,1
Huypens S.,1
Huz G.,1
Hwang J.,1
Hyman J.,1
Hyman Jay,1
Hyun Y.,2
Hyytiä E.,1
Iannaccone G.,7
Iannone L.,2
Iannucci P.A.,1
Ibañez G.,1
Ickin S.,1
Iekel-Johnson S.,1
Igiinski P.,0
Ihm S.,1
II,1
III,0
Ika T.,0
Ikeda H.,0
Ikedo T.,1
Iliofotou M.,2
Im Y.,1
Imielinski T.,1
Improta A.,1
Inakage M.,1
Indyk P.,2
Inoue N.,1
Inoue S.,1
Ioannidis J.,1
Ion M.,2
Iordanou C.,1
Ipeirotis P.G.,2
Iqbal U.,1
Irie Kazunari,1
Irmer R.,1
Irteza S.M.,1
Irwin D.,3
Isaacs R.,1
Isacenkova J.,1
Isett C.,1
Isherwood D.,1
Ishibashi K.,2
Ishibashi Y.,4
Ishikawa K.,1
Ishino M.,2
Islam S.,1
Ismail A.K.,0
Ismail U.,1
Ito M.,1
Ito M.Robert,1
Itoh K.,0
Itoh T.,1
Itoh Y.,0
Iwata A.,1
Iyengar G.,1
Iyer K.,1
Iyer R.,0
Iyer R.K.,2
Iyer S.,1
Iyer V.,1
Izaiku T.,1
Izhak-Ratzin R.,1
Izzard M.,1
Jaboldinov A.,1
Jackson E.J.,1
Jackson P.,0
Jackson P.E.,1
Jacob E.,1
Jacobs A.S.,0
Jacobs I.,1
Jacobson G.,1
Jacobson V.,5
Jacquet P.,1
Jacquin A.,1
Jadoul M.,0
Jaeger M.,0
Jafarisiavoshani M.,1
Jaffe J.M.,1
Jaggard A.D.,1
Jahanian F.,3
Jähnert J.,2
Jain A.,3
Jain M.,2
Jain N.,4
Jain P.,0
Jain R.,4
Jain S.,7
Jaiswal S.,2
Jajodia S.,1
Jalali F.,1
Jalaparti V.,3
Jamieson K.,5
Jamin S.,7
Jamjoom H.,4
Jamshaid K.,1
Jana R.,1
Janevski A.,1
Jang J.-S.R.,1
Jang K.,3
Jang Y.-S.,1
Janies J.,1
Jannotti J.,1
Janowski L.,1
Jäntti R.,1
Jardosh A.P.,2
Javed M.,2
Javed U.,2
Javier C.,1
Jayanthi K.,0
Jayasuriya C.S.,0
Jazcilevich A.,0
Jeffay K.,3
Jehaes T.,2
Jehan S.,1
Jelger C.,1
Jeng Sheng-Ching,1
Jennings M.,1
Jensen E.D.,1
Jeon S.-E.,0
Jeong H.,2
Jeong S.H.,2
Jeong T.,0
Jepsen T.,1
Jero S.,1
Jetcheva J.,1
Jeyakumar V.,3
Ji C.,0
Ji L.,1
Ji P.,1
Ji X.,1
Ji Y.,0
Ji Z.,0
Jia C.,1
Jia L.,2
Jia X.,0
Jia Y.,1
Jiang A.H.,1
Jiang H.,3
Jiang J.,6
Jiang L.,1
Jiang S.,1
Jiang W.,1
Jiang X.,3
Jiang Y.,1
Jiao L.,1
Jiménez J.,1
Jin B.,0
Jin C.,1
Jin D.,4
Jin G.,1
Jin J.S.,2
Jin M.,1
Jin R.,2
Jin S.,2
Jin T.,1
Jin X.,3
Jin Y.,3
Jindal A.,1
Jindal D.,0
Jing H.W.,1
Jing X.,1
Jo_ilo S.,0
Jocha D.,1
Jochheim B.,0
Joe-Wong C.,2
Jog S.,0
Johansson I.,2
Johansson M.,1
Johansson T.D.,1
Johari R.,4
John J.P.,2
John W.,1
Johnson B.,1
Johnson E.,1
Johnson M.J.,1
Johnson S.,1
Johnson T.J.,1
Johnston M.,1
Jomer Per,0
Jonas K.,1
Jones A.,0
Jones B.,1
Jones E.P.C.,2
Jones G.J.F.,0
Jonker M.,3
Jordan G.,1
Jordan M.I.,1
Jorissen P.,1
Joseph A.,1
Joseph A.D.,2
Joseph D.,1
Joshi K.,2
Joshi R.,0
Joshiy K.,1
Jouet S.,1
Joumblatt D.,1
Jourdan M.,1
Jourjon G.,1
Jovanovi_ V.,1
Jr.,3
Ju Q.,1
Ju R.,1
Judd G.,2
Judge P.,0
Juhász F.,1
Julin D.P.,1
Jun S.,3
Jung J.,4
Junghanns M.,0
Junghans S.,2
Junior B.,0
Jurca D.,1
Jurca R.,2
Jürgensen W.,1
Kaafar M.A.,7
Kaashoek F.,1
Kaashoek M.F.,3
Kabelac Z.,1
Kablan M.,1
Kadane J.B.,1
Kadav A.,0
Kadobayashi Y.,3
Kai K.,1
Kaimal J.,1
Kain R.Y.,1
Kaippallimalil M.,1
Kaiser E.,1
Kakani N.K.,1
Kakhki A.M.,3
Kakizaki K.,1
Kalafut A.,1
Kalafut A.J.,3
Kalampoukas L.,1
Kalavade A.,1
Kalia A.,1
Kalker T.,1
Kallahalla M.,2
Kallitsis M.,3
Kalmanek C.,1
Kalmbach P.,0
Kalyanaraman S.,3
Kam P.,1
Kamada M.,2
Kamal Ahmed E.,1
Kämäräinen T.,1
Kambhampati V.,2
Kamijo S.,1
Kaminsky M.,3
Kamleitner B.,1
Kammenhuber N.,4
Kanade T.,1
Kanagala A.,1
Kanakia H.,2
Kanakia Hemant,1
Kanchanasut K.,1
Kandasamy N.,1
Kandula P.B.,1
Kandula S.,17
Kanfer Alaina G.,0
Kang A.R.,3
Kang C.-S.,1
Kang H.,1
Kang H.-B.,1
Kang J.-M.,2
Kang N.,2
Kangasharju J.,4
Kanich C.,3
Kankanhalli M.,1
Kankanhalli M.S.,2
Kanlis P.,0
Kannan J.,1
Kannan P.G.,0
Kanno Norio,0
Kano M.,0
Kant Christian,1
Kant L.,0
Kanuparthy P.,2
Kanwar S.,2
Kaplan H.,3
Kapravelos A.,1
Karagiannis .T.,1
Karagiannis T.,5
Karahalios K.,1
Karahan H.,1
Karamcheti V.,1
Kardos S.,1
Karger D.,1
Karim T.,1
Karir M.,3
Karl H.,3
Karlin A.,1
Karlsson G.,1
Karlsson Gunnar,0
Karmi G.,1
Karol M.J.,1
Karp R.,2
Karppanen A.,1
Karri N.,1
Karsten M.,1
Kash I.,1
Kasinadhuni N.,1
Kassing S.,1
Kassler A.J.,0
Kastanakis S.,0
Kasten J.,2
Kasten O.,1
Katabi D.,20
Katevenis M.,1
Kato A.,1
Kato M.,1
Kato N.,0
Kato T.,0
Katsuyama T.,1
Katta N.P.,1
Katti S.,15
Katz R.,2
Katz R.H.,5
Katz-Bassett E.,13
Kaul S.,2
Kaur H.T.,1
Kaur J.,2
Kawadia V.,2
Kawahara R.,1
Kawakami S.,1
Kawano Y.,1
Kay J.,1
Kaye A.R.,1
Kazemian P.,1
Kazemkhani S.,0
Kazman R.,1
Keckler S.W.,1
Kedem Z.,1
Keil C.,1
Keller E.,3
Keller M.,1
Kellerer W.,1
Kellogg B.,2
Kelner J.,1
Kelton C.,1
Kemmerer Fred,0
Kemmerer R.,1
Kempf J.,1
Kemppainen M.,1
Kencl L.,1
Kender J.,1
Kenesi Zs.,1
Kent C.A.,1
Kent S.T.,1
Keralapura R.,2
Kern C.W.,1
Kern E.,1
Kern R.,1
Kerne A.,1
Keromytis A.D.,2
Kerr Gordon,1
Kershenbaum A.,0
Kerttula J.,1
Keshav S.,8
Keshav Srinivasan,1
Kesidis G.,1
Keslassy I.,3
Keus K.,1
Khademi N.,1
Khadilkar M.,1
Khalid J.,2
Khalili R.,1
Khan A.,2
Khan A.M.,1
Khan M.T.,1
Khandelwal A.,1
Khandelwal M.,1
Khanna Atul,1
Khare V.,1
Kharrazi M.,1
Khattak S.,1
Khayam S.A.,1
Khazaei K.,1
Kheirkhah M.,1
Khemmarat S.,1
Khendek Ferhat,1
Khokhar M.J.,1
Khurri A.,1
Khurshid A.,1
Kiciman E.,1
Kienzle J.,1
Killat U.,0
Killourhy K.,2
Kilmer E.D.,1
Kilmurray S.,1
Kilper D.,1
Kim C.,6
Kim C.-K.,2
Kim D.,1
Kim D.K.,1
Kim H.,5
Kim H.-C.,3
Kim H.-S.,1
Kim H.K.,4
Kim H.S.,3
Kim Hwang-Nam,0
Kim J.,3
Kim K.,1
Kim K.-H.,1
Kim K.H.,1
Kim M.,0
Kim P.,1
Kim S.K.,0
Kim T.,1
Kim T.H.-J.,1
Kim W.,1
Kim Y.,1
Kim Y.J.,1
Kimber D.,1
Kind M.,1
King A.,2
King S.T.,1
Kinicki R.,1
Kinkelin H.,1
Kintis P.,0
Király Z.,1
Kirda E.,0
Kirovski D.,1
Kis Z.L.,2
Kitlei R.,1
Kjeldsen R.,1
Klas G.,1
Klein M.,1
Kleinberg R.,1
Kleinöoder W.B.,1
Kleinpaste K.,1
Kleinrock L.,1
Klement E.,0
Klemm A.,1
Klepal M.,1
Kliman-Silver C.,1
Kline C.,1
Kline J.,1
Kline R.L.,1
Klose R.,1
Knies A.,1
Knight D.,1
Knight S.,2
Knightly E.W.,1
Knopp R.,0
Knutsson B.,2
Ko M.,1
Kobayashi M.,1
Kobayashi S.,0
Kobla V.,1
Koch E.,1
Kocian A.,1
Kodialam M.,1
Koehler J.,1
Kogan K.,1
Kogias M.,0
Kohashi T.,0
Kohler E.,3
Kohler T.,1
Kohlweiss M.,1
Kojo M.,1
Koksal C.E.,1
Kökten K.,1
Kolamunna H.,0
Koldehofe B.,1
Koley B.,2
Koliousis A.,1
Koll D.,2
Kommareddy C.,1
Kompella R.,2
Kompella R.R.,5
Kondapa Naidu B.,1
Kone V.,1
Kong Y.,0
Konstan J.A.,1
Konte M.,1
Koo H.,1
Kooij R.E.,1
Kooper R.,1
Koponen T.,5
Koppula H.S.,1
Koral Y.,1
Korb J.T.,1
Korczy_ski M.,1
Korczynski M.,1
Koren Z.,0
Korhonen T.,0
Körner M.,1
Koromilas L.,1
Korösi A.,2
Korst J.,1
Koss Shannah,1
Kosti_ D.,2
Kostic D.,2
Kosub S.,1
Kotaru M.,2
Kothandaraman B.,1
Kothari N.,1
Kotronis V.,1
Kourtellis N.,1
Kozaru Yasutaka,0
Kozat U.,1
Kozat U.C.,2
Kozintsev I.,2
Kozma Robert B.,0
Kozuch M.,0
Kraetzl M.,0
Krasic C.,1
Krause S.,2
Kravets R.,1
Kreibich C.,6
Krenc T.,1
Kretschmer M.,1
Kreutz D.,1
Kreyß J.,1
Kriegel H.-P.,1
Krieger U.R.,1
Krifa A.,1
Krioukov D.,1
Krishnamoorthit V.,1
Krishnamurthi S.,2
Krishnamurthy A.,11
Krishnamurthy B.,15
Krishnamurthy P.,1
Krishnamurthy S.V.,1
Krishnan R.,1
Krishnan S.S.,2
Krishnaswami B.,1
Kristiansen S.,1
Kristol D.M.,1
Król M.,1
Krude J.,1
Kruegel C.,3
Krüger T.,0
Krumm H.,1
Krupp J.,1
Ku_niart M.,1
Kuan J.,0
Kuang H.,1
Kuenzer S.,1
Kuga Y.,0
Kühlewind M.,1
Kuhn N.,1
Kuhns F.,1
Kührer M.,1
Kuipers F.,0
Kukoleca D.,1
Kulkarni J.,1
Kulkarni P.,1
Kulkarni S.G.,1
Kum S.-U.,1
Kumar A.,5
Kumar Anant,1
Kumar G.,1
Kumar H.,1
Kumar M.,1
Kumar P.R.,4
Kumar P.R.S.,1
Kumar R.,3
Kumar S.,9
Kumar S.P.R.,1
Kumar S.R.,1
Kumar Srikanta P.R.,1
Kundargi N.,1
Kundur D.,1
Kung H.T.,1
Kunniyur S.,1
Kunz G.,1
Kuo F.F.,0
Küpçü A.,1
Kurashige M.,1
Kurdoglu E.,1
Kurien V.,1
Kurniawati R.,1
Kurose J.,6
Kurose J.F.,1
Kuroset J.,1
Küster M.,0
Kuta E.,1
Kutscher D.,2
Kutscher M.,0
Kutten S.,1
Kuzmanovic A.,5
Kuznetsov P.,1
Kuzniart M.,1
Kvalbein A.,2
Kvron T.,1
Kwak H.,3
Kwok Tim,1
Kwon H.,1
Kwon M.,0
Kwon T.,1
Kwon T.T.,1
Kwon W.H.,1
Kwon Y.,1
Kyriakakis C.,1
La C.-A.,1
Labourdette J.-F.P.,1
Labovitz C.,1
Lacovara P.,0
LaCurts K.,2
Lad M.,2
Lady K.,1
Lageman N.,1
Lagoa C.,1
Lahiri P.,1
Lai J.,1
Lai T.T.-T.,1
Lai V.,1
Lake A.,1
Lakhina A.,5
Laki S.,1
Lakshman T.V.,3
Lakshmanan S.,1
Lakshminarayanan K.,5
Lall A.,1
Lam K.-Y.,1
Lam S.S.,5
Lam Simon S.,1
Lam V.,1
Lam V.T.,2
Lambadaris I.,1
Lambert M.L.,1
Lamotte W.,3
Lamparter B.,2
Lan C.,1
Lan K.-C.,2
Lan T.,1
Landi M.,1
Landsiedel O.,1
Landweber L.,1
Landweber L.H.,2
Landweber Lawrence H.,1
Lang K.,1
Langendoen K.,1
Langhoff S.,1
Lanham N.,1
Lantz B.,1
Lantz K.A.,1
Lao F.,0
Laoutaris N.,4
Lappalainen V.,1
Lapukhov P.,1
Laskowski P.,1
Latapy M.,1
Lathrop Scott,0
Latora V.,1
Latré S.,0
Lau F.C.M.,1
Lau K.,1
Lau R.W.H.,1
Lau S.-H.,1
Lau W.,1
Lau W.C.,1
Laubach Mark,0
Laue R.V.,1
Laufer R.,0
Lauinger T.,0
Laursen Andrew,0
Lavia A.,0
Lavo D.B.,1
Lavrenko V.,1
Layaïda N.,1
Lazar A.A.,2
Lazar Aurel A.,1
Lazer D.,2
Lazowska E.D.,1
Le A.,1
Le Blond S.,2
Le Boudec J.-Y.,3
Le F.,2
Le Guyadec P.,1
Le L.,1
Le Roux E.,1
Le Roux J.,1
Lebhar E.,1
Lebow I.,0
LeBrun J.,2
Lee A.,1
Lee C.,1
Lee D.,2
Lee D.-S.,2
Lee D.K.,0
Lee E.A.,0
Lee G.J.,1
Lee G.M.,0
Lee H.,1
Lee H.-H.,1
Lee H.K.,1
Lee I.,2
Lee J.,4
Lee K.,2
Lee K.-H.,2
Lee K.C.T.,1
Lee K.S.,1
Lee L.-N.,1
Lee M.,3
Lee N.,1
Lee P.P.C.,1
Lee R.,0
Lee R.B.,1
Lee S.,4
Lee S.-B.,1
Lee S.-J.,1
Lee S.B.,1
Lee T.-W.,1
Lee Y.,2
Lee Y.-J.,0
Leeser M.,1
Leet C.,0
Leey J.H.,1
Legout A.,3
Leguay J.,3
Lehmann L.,1
Lehmann S.,1
Lehn M.,1
Lehr W.,1
Lei C.-L.,1
Lei K.,0
Lei Z.,1
Leib M.,1
Leith D.,1
Leith D.J.,2
Leland W.E.,1
Lelarge M.,1
Lemmon M.,1
Lenders V.,2
Leng C.,2
Lenton J.,1
Lentz M.,1
Lenzini L.,1
Leonard D.,1
Leong B.,0
Leong H.W.,1
Leontiadis I.,2
Leontiadis N.,1
Leopold M.,1
Leopold T.,0
Lepain P.,0
Lerman K.,1
Lertsinsrubtavee A.,1
Leskó D.,1
Leslie I.,3
Leslie I.M.,2
Leslie Ian M.,2
Lettieri P.,1
Leu E.,1
Leung K.K.,2
Leung T.-K.,1
Lévai T.,1
Levanti K.,0
Levas A.,1
Levchenko K.,5
Levin D.,6
Levin K.D.,1
Levine B.,2
Levine B.N.,1
Levis P.,2
Levitt K.N.,1
Levomäki A.,1
Levy R.P.,1
Lewis P.H.,0
Li A.,3
Li B.,3
Li C.,1
Li C.-Y.,1
Li D.,2
Li E.,1
Li F.,3
Li G.,1
Li H.,2
Li J.,7
Li K.Y.,1
Li L.,5
Li L.E.,1
Li M.,4
Li Man,1
Li Q.,3
Li R.,3
Li S.,2
Li T.,3
Li V.O.K.,1
Li W.,2
Li X.,6
Li X.S.,1
Li Y.,8
Li Z.,8
Liang C.,1
Liang D.,1
Liang G.,1
Liang J.,1
Liang L.,1
Liang S.,1
Liang Y.,0
Liao C.,1
Liao G.-M.,2
Liao Q.,1
Liao X.,1
Liao Y.,4
Liberty E.,1
Lichtblau F.,0
Licking S.,1
Lidinsky W.P.,1
Lidzborski N.,1
Lie M.T.,1
Liebeherr Jorg,0
Lien Y.L.,2
Lienhart R.,3
Liew S.C.,2
Liljeberg M.,1
Lillethun D.,1
Lim H.,3
Lim S.,1
Lim Y.-S.,1
Lima A.,2
Limb J.O.,1
Limb John O.,1
Limura T.,1
Lin A.,1
Lin B.,1
Lin B.-S.P.,0
Lin C.,3
Lin C.-Y.,2
Lin D.,3
Lin F.,1
Lin F.J.,1
Lin F.X.,1
Lin H.-Y.,1
Lin H.P.,1
Lin J.,1
Lin K.C.-J.,2
Lin R.,1
Lin S.,1
Lin V.,1
Lin X.,1
Lin X.T.,1
Lin Y.,2
Lin Y.-D.J.,1
Lin Z.-W.,1
Lindemann C.,1
Lindgren A.,2
Lindstrom T.,1
Lindt I.,1
Ling Q.,1
Lingam S.,1
Linguaglossa L.,0
Lingutla-Raj T.,2
Lingys J.,0
Linn B.,1
Lintault I.,1
Liou C.,1
Lipovski G.J.,0
Lippmann R.P.,1
Lipshteyn M.,2
Lipton R.J.,1
Liron Y.,1
Lischka J.,1
Liskov B.,1
Liston R.,1
Little T.D.C.,1
Litzkow M.,1
Liu A.,1
Liu A.X.,2
Liu B.,3
Liu C.,3
Liu C.-G.,1
Liu C.-S.,1
Liu D.,1
Liu F.,0
Liu G.,1
Liu H.,2
Liu H.H.,5
Liu J.,3
Liu Jane W.S.,1
Liu K.,1
Liu L.,3
Liu M.,1
Liu M.-C.,0
Liu M.T.,1
Liu N.-C.,1
Liu P.,2
Liu P.H.,1
Liu Q.,1
Liu S.,2
Liu T.,2
Liu V.,3
Liu W.,1
Liu X.,6
Liu Y.,8
Liu Y.J.,1
Liu Z.,7
Livny M.,1
Lizardo O.,1
Lloyd Errol L.,1
Lloyd P.,1
Lloyd W.,1
Lo V.,1
Loch A.,2
Lochin E.,1
Lockwood J.,1
Lodge T.,1
Loeb Shoshana,0
Logan R.,1
Logg C.,1
Loguinov D.,5
Lok J.,0
Lone Q.,1
Long L.T.,1
Long S.,1
Longtin J.P.,1
Loo B.T.,6
Lopez D.,1
Lopez D.R.,1
López-Buedo S.,0
López-Ortiz A.,2
Lopez-Pacheco D.,1
López-Pérez D.,1
Loqrippo L.,1
Lorier C.,1
Louati W.,2
Loucks W.M.,1
Lovett H.,0
Low C.Y.,0
Lowe J.,1
Lowekamp B.,1
Lu C.,2
Lu F.,2
Lu G.,3
Lu H.,3
Lu H.M.,1
Lu J.,1
Lu L.,4
Lu L.-C.,1
Lu S.,3
Lu W.,0
Lu X.,2
Lu Y.,2
Lu Z.,1
Lua E.K.,1
Luby M.,1
Luca D.,1
Lucas G.,1
Lucas W.T.,0
Lucier B.,1
Luck K.,1
Luckie M.,9
Luckie M.J.,1
Luconi V.,1
Luderer G.W.R.,1
Ludwig A.,1
Ludwig L.F.,2
Lueder R.,1
Lui J.C.S.,2
Luizelli M.C.,1
Lukac M.,1
Luken W.,0
Lumezanu C.,5
Lumley J.,1
Lund C.,7
Lund G.,1
Lund K.,1
Luo H.,1
Luo J.,2
Luo L.,1
Luo R.,1
Luo W.,0
Luo X.,2
Luo Y.,1
Luo Z.,2
Lusch A.C.,0
Lusher C.,2
Lutu A.,1
Luxenburger J.,1
Luyten K.,1
Lv L.,1
Lychev R.,1
Lymberopoulos D.,1
Lynar T.,1
Lynch C.A.,1
Lyons M.,1
Lyons R.E.,0
Lysne O.,2
Lysyanskaya A.,1
Ma D.,1
Ma G.-K.,0
Ma H.,1
Ma J.,4
Ma L.,2
Ma Q.,1
Ma R.,0
Ma R.T.B.,1
Ma S.,3
Ma W.-H.,0
Ma W.-Y.,5
Ma X.,0
Ma Y.,3
Ma Y.-F.,1
Ma Z.,0
Maartmann-Moe E.,0
Maas D.,1
Maaß M.,1
Mabell Gomez K.,1
MacAuley J.,0
MacCormick J.,1
Mace J.,1
MacHado M.,1
Machado M.,0
Machiraju S.,3
Macián C.,1
MaCián C.,1
Macioccoy C.,1
MacKenzie A.B.,1
Madanapalli S.C.,0
Madhavapeddy A.,2
Madhyastha H.V.,6
Maeder A.,1
Maennel O.,6
Magalhães M.F.,2
Maggiorini D.,1
Maggs B.,8
Maggs B.M.,1
Magharei N.,2
Magnaghi A.,1
Magnien C.,1
Magno G.,1
Maguire G.Q.,1
Mah B.A.,1
Mahadevan I.,1
Mahadevan P.,1
Mahajan R.,18
Mahanti A.,4
Mahboob M.R.,1
Mahdavi J.,1
Maheswaran M.,2
Mahfoudi M.N.,1
Mahimkar A.,2
Mahindra R.,1
Mahmood B.,0
Mahmoud S.,0
Mahmudul Hoque A.K.M.,1
Mähönen P.,2
Mai H.,1
Mai J.,1
Maier G.,2
Maillé P.,1
Mainland G.,1
Majd N.E.,1
Majdan A.,0
Majdán A.,1
Majumder A.,1
Makaroff D.,1
Makarychev K.,1
Makedon F.,2
Makhijani K.,1
Maksud M.,1
Malandrino F.,1
Malinverno M.,1
Malkin T.,1
Malm N.,1
Malone D.,2
Malpani R.,0
Malsbury J.,2
Maltz D.,4
Maltz D.A.,8
Maly K.,1
Maly K.J.,2
Malzbender T.,1
Mamatas L.,1
Mamoulis N.,1
Manassakis L.,1
Mancisidor-Landa R.,1
Manco F.,1
Mandal A.,1
Mandal S.,2
Mandalari A.M.,1
Mandrawa W.,1
Maneshy M.,1
Mangiante S.,1
Mangold S.,0
Mangues-Bafalluy J.,1
Mani P.,1
Mani S.K.,1
Manils P.,1
Mankin A.,2
Mann S.,1
Manner J.,1
Manniesing A.,1
Manning E.,0
Manning E.G.,2
Manousis A.,1
Manovich L.,1
Mansfield G.,0
Manshaei M.H.,1
Manske K.,0
Mansley K.,3
Mansour Y.,2
Mansy A.,1
Manzoni P.,1
Mao H.,2
Mao P.,1
Mao Y.,4
Mao Z.,1
Mao Z.M.,14
Mara O.,1
Marchetta P.,1
Marchetto G.,1
Marcon M.,1
Marcus S.I.,0
Marianx T.,1
Maribondo P.D.S.,1
Mariconti E.,1
Marín G.,0
Marina M.K.,2
Marinelli D.,1
Marinos I.,2
Mark J.W.,0
Markatos E.P.,3
Markmann T.,1
Markopoulou A.,2
Marquez-Barja J.M.,0
Marriott K.,1
Marshall J.,0
Marshall W.T.,1
Martelli F.,1
Martin J.,1
Martin R.,1
Martin R.P.,2
Martinello M.,0
Martínez H.,0
Martinez Ruiz D.,1
Martino J.,0
Martino J.A.,0
Martinovic I.,1
Martins J.,2
Martonosi M.,3
Maruyama K.,0
Marwaha S.,1
Maryanski F.J.,1
Marzullo K.,1
Masala E.,1
Masapati G.H.,1
Mascolo C.,2
Mascolo S.,1
Mason J.,0
Massey D.,6
Massey M.,0
Massoulie L.,1
Massoulié L.,1
Mastromonaco F.R.,0
Masuda H.,1
Mathis M.,2
Mathur S.,2
Mathy L.,7
Matias J.,1
Matijasevic M.,1
Matos A.,1
Matsukata J.,1
Matsumoto K.,1
Matsumoto Y.,1
Matsumura K.,1
Matsuoka S.,1
Matsushita Y.,1
Matsuya T.,0
Matta I.,2
Matthew Luckie A.G.-G.,0
Matthews E.W.,1
Matus F.,1
Matyas S.M.,1
Mauve M.,3
Mavrommatis D.,1
Maxemchuk N.F.,1
Maxion R.,1
May D.,1
May M.,3
Maybury M.,1
Mayer C.,1
Mayer Erwin,1
Mayer R.,1
Mayer-Patel K.,1
Mazalek A.,1
Mazières D.,2
Mazloumian A.,1
Mazzetti J.P.,0
McAuley A.J.,1
McAuley D.,3
McBride R.A.,1
McCaffery D.,1
McCahill M.P.,0
McCann P.J.,1
McCanne S.,6
McCauley J.,2
Mcclean S.,1
McCoy D.,3
McDaniel P.D.,1
McDonell K.J.,1
McEachen II J.C.,1
Mcgee D.,1
McGeer R.,1
McGregor A.J.,1
McGregor P.V.,0
McGregor T.,1
McGuinness R.,1
McKee D.J.,0
McKenney Paul E.,1
McKeown K.,1
Mckeown N.,1
McKeown N.,17
McKeownt N.,1
McKinley Philip K.,1
McMilin E.,1
McMillan L.,1
Mcmillan R.,1
McQuillan J.,0
McQuillan J.M.,1
McQuistin S.,1
Meacham K.,0
Mead R.,1
Mechitov K.,1
Medcraft D.W.F.,0
Medhi D.,1
Medina A.,2
Medioni G.,0
Mehani O.,1
Mehendale H.,1
Mehlman J.,2
Mehrotra S.,0
Mei A.,1
Mei Q.,1
Meijer H.,1
Meiklejohn S.,1
Meilhac C.,1
Meira Jr. W.,1
Meira W.,1
Meisner N.B.,1
Melazzi N.B.,1
Melis L.,1
Mellette W.M.,1
Mellia M.,6
Melman M.,1
Melo R.,0
Melo W.D.,1
Memaripour A.,1
Membrey P.,0
Menache I.,5
Mendelev K.,1
Mendelson G.,1
Mendonca M.,1
Meng H.J.,1
Meng J.,0
Meng L.,1
Meng X.,1
Menta M.,0
Menth M.,1
Meo M.,1
Mercankosk G.,1
Mérindol P.,4
Merkel O.,1
Merlin P.M.,1
Merlino A.,1
Merritt N.,1
Merritt Susan M.,1
Merugu S.,2
Merwe J.V.d.,0
Merz M.,0
Merz R.,1
Mestres A.,0
Metaxas G.,1
Metongnon L.,0
Meulle M.,2
Meyer C.H.,1
Meyer D.,1
Meyer P.,0
Meyer-Wegener K.,1
Meza J.,0
Mi X.,1
Miao R.,3
Michaelson G.,1
Michaloliakos A.,1
Micheel J.,1
Michel O.,1
Michelitsch Georg,0
Michiardi P.,2
Mick T.,1
Middleton Teresa,0
Mijumbi R.,1
Mikhailov M.,1
Militzer M.,1
Miller A.,0
Miller B.P.,1
Miller Barton P.,0
Miller D.,1
Miller D.J.,1
Miller J.,2
Miller J.S.,1
Miller L.J.,0
Miller Raymond E.,1
Miller S.G.,1
Mills D.L.,3
Mills David L.,1
Mills K.,2
Millstein T.,2
Milner H.,1
Mimno N.,1
Min G.,1
Minei I.,1
Mineraud J.,0
Ming Z.,1
Mink A.,0
Minkenberg C.,1
Mirian A.,1
Mirkovic J.,3
Mishra A.,2
Mishra A.G.P.,1
Mishra P.P.,1
Mishra Partho P.,1
Mislove A.,11
Misra S.,2
Misra V.,3
Mistrot J.M.,1
Mitchell K.,1
Mitra D.,1
Mitra M.,1
Mitra T.,1
Mitra U.,1
Mitschke M.,1
Mittal P.,1
Mittal R.,1
Mitzel D.J.,2
Mitzenmacher M.,3
Miu A.,2
Miwa S.,1
Miyachi T.,1
Miyatake T.,0
Miyazaki K.,1
Mizrahi T.,1
Mizukoshi I.,2
Mockapetris P.V.,1
Mödeker J.,1
Mogaki S.,1
Moghé P.,1
Mogul J.,1
Mogul J.C.,8
Mogul Jeffrey C.,1
Moh M.,2
Mohaisen A.,2
Mohan N.,1
Mohan P.,1
Mohan S.,1
Mohapatra P.,1
Mohapatra S.,1
Mohomed I.,1
Mohorcic M.,0
Mok A.K.,1
Mok R.K.P.,2
Mokryn O.,1
Molavi Kakhki A.,1
Molinari M.,1
Molle M.L.,1
Möller J.-P.,0
Molnár L.,2
Molnár S.,1
Moloney D.,1
Moloney R.,2
Monay F.,1
Moncaster T.,1
Mondal A.,1
Mondal M.,1
Monga I.,1
Monrose F.,1
Monsieurs P.,2
Montazeri B.,0
Montealegre R.,1
Montes I.,1
Montgomery D.R.,1
Montz A.B.,1
Moon S.,7
Moon S.B.,2
Moore A.,2
Moore A.W.,4
Moore D.,2
Moore R.S.,1
Moore T.,3
Morabito R.,1
Moran D.,1
Moran K.,1
Morde A.,1
Moreno G.A.,1
Morey D.,1
Morgan G.,1
Mori T.,1
Morikawa H.,1
Morimoto M.,1
Morioka F.K.,0
Morisaki Masato,1
Morishima S.,1
Moritz B.K.,0
Morley Mao Z.,1
Morris R.,2
Morris S.,1
Mortier R.,8
Mosberger D.,1
Moscibroda T.,2
Moses Y.,1
Moshref M.,3
Mosse Daniel,1
Mota E.,1
Motiwala M.,1
Motoyama M.,2
Moura G.C.M.,1
Moura J.A.B.,1
Moura Jose M.F.,1
Mowbray M.,2
Moy E.,1
Mtibaa A.,3
Mu M.,1
Mucklo Matthew J.,1
Mudigonda J.,2
Mühlbauer W.,4
Mühlethaler P.,1
Mühlhäuser M.,0
Muir S.,1
Mujica F.,1
Mukawa N.,1
Mukerjee M.,1
Mukerjee M.K.,2
Mukherjee A.,1
Mukherjee Amarnath,1
Mukherjee S.,4
Mukherji P.,1
Mukherji U.,1
Mukkamala R.,1
Mulinka P.,0
Müller A.,1
Müller J.,0
Müller M.,1
Muller R.,0
Müller-Lden J.,1
Mulligan J.,1
Munafò M.M.,3
Munakata H.,0
Mundur P.,1
Muni Venkateswarlu K.,0
Munir A.,1
Munro J.I.,1
Muntz R.,1
Muntz R.R.,1
Murai J.,1
Murali S.,0
Muralwni G.J.,1
Murase T.,0
Murata Y.,1
Murdock A.,1
Murphy J.,1
Murphy S.L.,2
Murray E.,1
Murthy A.,1
Murynets I.,1
Musaloiu-E R.,1
Muscariello L.,1
Mushtaq A.,0
Musolesi M.,1
Musuvathi M.,2
Muth P.,1
Muthukrishnan S.,1
Mutlu O.,1
Myer T.H.,1
Myers N.E.,1
Myrick A.,1
Mysore R.N.,1
Nabielsky J.,1
Nack F.,2
Nadeem T.,1
Nagami K.,1
Nagappan N.,1
Nagaraj K.,2
Nagaraja L.,1
Nagata T.,0
Nagendra V.,0
Naghizadeh P.,0
Naghshineh M.,1
Nagy A.,0
Nahrstedt C.,1
Nahrstedt K.,2
Nahum E.,1
Nahum E.M.,2
Naidu K.V.M.,1
Naik U.,1
Nair R.,2
Najafi K.,1
Najib W.,1
Nakagawa M.,1
Nakajo T.,0
Nakamura O.,1
Nakamura S.,1
Nakamura Y.,1
Nakano H.,1
Nakao A.,2
Nakatsu R.,2
Nam H.,1
Nam Y.S.,1
Namjoshi A.,2
Nan G.,1
Nanard J.,1
Nanard M.,1
Nandakumar R.,1
Nandi A.,1
Nandigam A.,1
Nanduri M.,1
Naous J.,2
Naphade M.,1
Nappa A.,1
Narayan A.,0
Narayan H.,1
Narayana P.G.S.,0
Narayana S.,1
Narayanan A.,3
Narlikar G.,1
Narten Thomas,1
Nasipuri A.,2
Nastar C.,1
Natarajan P.,1
Nath B.,2
Nath S.,1
Nathan V.,1
Natsev A.,1
Naudts W.,1
Nava L.,1
Navarro L.,1
Naveen K.P.,1
Navon A.,1
Navratil J.,1
Nawrocki M.,0
Nayak A.,1
Naylor D.,3
Nazeeruddin M.,1
Nazir A.,3
Nechaev B.,2
Nedevschi S.,1
Needham R.M.,2
Needleman M.H.,1
Neglia G.,1
Negreanu L.,1
Neil J.,0
Nejati J.,1
Nelakuditi S.,2
Nelson B.,1
Nelson R.,2
Nelson T.,1
Nemelka C.,1
Németh F.,4
Nemoto Y.,0
Neo S.-Y.,1
Neogi A.,1
Nepal S.,1
Neri F.,1
Nerjes G.,1
Neti C.,1
Netravali A.,1
Netravali A.N.,1
Netravali R.,4
Neu G.,0
Neubauer C.,0
Neufeld G.,1
Neufeld G.W.,1
Neufeld Gerald W.,1
Neugebauer R.,2
Neuhengen D.,1
Neuhold E.J.,0
Neumann D.,2
Neves M.,0
Neves P.,0
Newcomb D.,1
Newhall E.E.,1
Newman H.,0
Newsome J.,1
Neyer M.,1
Nezu T.,1
Ng A.C.H.,2
Ng C.,2
Ng K.-C.,1
Ng K.C.,1
Ng P.,1
Ng T.S.E.,5
Ngo C.-W.,2
Nguyen A.-D.,1
Nguyen B.,1
Nguyen C.-T.,1
Nguyen C.D.,1
Nguyen D.,1
Nguyen H.,1
Nguyen H.X.,1
Nguyen M.,1
Nguyen T.,2
Nguyen T.D.,2
Niaki A.A.,1
Niaz H.,1
Nichols T.,1
Nicolau A.,1
Niculescu D.,1
Nie X.,1
Nielsen P.S.,1
Niemegeers I.,0
Niemegeers I.G.,2
Niemi O.-P.,1
Nieuwenhuis L.J.M.,0
Niinisalo H.,1
Nika A.,1
Nikitopoulos K.,1
Nikolaou C.N.,1
Nikolenko S.,1
Nikravesh A.,1
Nishida Y.,1
Nishizawa Y.,0
Nita-Rotaru C.,1
Niu T.,0
Niu Z.,1
Niwa J.,1
Nock H.J.,1
Nojima T.,0
Nolte T.,0
Noman H.,1
Nomikos G.,1
Nomura M.,1
Nordmark M.,1
Northcult J.D.,1
Noubir G.,1
Novakovi_ D.,1
Nowak R.,3
Nowicki W.I.,1
Nowinski W.L.,0
Nucci A.,3
Nungu A.,1
Nurminen J.K.,1
Nussbaum L.,1
Nützel J.,1
Nyce James M.,0
Nychis G.,1
Nychis G.P.,1
Nyrhinen A.,1
O'connor B.,1
O'Hallaron D.,1
O'Mahony D.,1
O'Malley S.,3
O'Malley S.W.,1
O'shea G.,1
O'Shea T.,1
Obaid A.,1
Obraczka K.,2
Obraczka Katia,1
Obstfeld J.,1
Ocampo R.,1
Occhiogrosso B.,1
Ochi T.,1
Ogawa R.,0
Ogden L.,0
Ogihara M.,1
Ogrodowczyk L.,1
Ogunbona P.,1
Oh B.-H.,0
Ohara Y.,1
Ohba H.,0
Ohba Y.,1
Ohbuchi R.,1
Öhlén P.,1
Ohlenburg J.,1
Ohm P.,1
Ohnishi H.,1
Ohshima H.,2
Ohta K.,0
Ohta Norihisa,1
Ohtaki Y.,1
Okada K.,1
Okada Y.,1
Okamoto S.,2
Okanda P.,1
Okay S.,1
Oktug S.F.,1
Okuda T.,1
Okumura K.,1
Oliveira M.,1
Oliveira R.,1
Oliveira R.V.,1
Oliver E.,2
Olshansky Robert,1
Olteanu V.,1
Onaolapo J.,1
Ong C.-H.L.,1
Ong J.,2
Ooi B.C.,0
Opderbeck H.,0
Oprea M.,1
Or A.,1
Oran D.,2
Orda A.,1
Ordille J.J.,1
Orgogozo B.,1
Ormont J.,1
Ortega A.,1
Ortega M.,0
Ortiz A.M.,1
Ossefort M.,0
Ostermann S.,1
Osterweil E.,2
Ostfeld Z.,1
Ota N.,1
Otomo K.,0
Otsuka K.,1
Ott D.,1
Ott D.E.,0
Ott J.,5
Ott M.,1
Ott Maximilian,0
Ottenwälder B.,1
Otto J.S.,3
Ou J.,1
Ousterhout A.,1
Ousterhout J.,0
Outhred G.,1
Overstreet C.M.,2
Oviatt S.,1
Owen C.,1
Owen P.,1
Owezarski P.,1
Ozbay K.,1
Özden B.,1
Ozden Banu,1
Özsu M.T.,0
Özveren C.,1
Paasch C.,1
Pachet F.,1
Pacholski A.,2
Pacifici G.,1
Pacifici Giovanni,1
Padgett S.,2
Padhye J.,7
Padmanabhan R.,1
Padmanabhan V.,1
Padmanabhan V.N.,5
Pagani E.,2
Pahdye J.,1
Pai V.S.,2
Paik Jung Hoon,0
Paik M.,2
Paliwoda K.,1
Pallas D.,1
Palmer L.C.,1
Palnati P.,1
Pan H.,2
Pan J.,1
Pan P.,1
Pan R.,1
Pan S.,1
Panayi M.,1
Panchard J.,1
Panda A.,4
Pandrangi R.,1
Pandya R.N.,1
Pang B.,1
Pang C.-S.,1
Pang J.,6
Pang R.,3
Pansiot J.-J.,4
Panwar G.,1
Pao H.-K.K.,1
Paolo Rossi G.,1
Papadias D.,1
Papadimitratos P.,1
Papadimitriou C.,2
Papadimitriou D.,0
Papadimitriou P.,3
Papadogiannakis A.,2
Papadopoulos C.,7
Papadopoulos P.,1
Papageorge P.,1
Papagiannaki D.,2
Papagiannaki K.,11
Papale F.,1
Papalini M.,2
Papapanagiotou I.,1
Papay J.,0
Papen G.,4
Papp A.L.,0
Pappas V.,2
Pappu P.,1
Paranjpe A.,1
Parekh J.J.,1
Parisis G.,2
Park G.H.,1
Park H.,1
Park J.,1
Park K.,2
Park M.S.,1
Park T.,0
Park W.,1
Parkes D.C.,2
Parkin S.,1
Parks A.,2
Parks A.N.,1
Parmentelat T.,1
Parniewicz D.,1
Parno B.,1
Parsons E.,1
Partov B.,0
Partridge C.,4
Parulkar G.,5
Parulkar G.M.,1
Pasquale J.,3
Pass G.,1
Pastrana S.,0
Pásztor A.,1
Pàsztor A.,1
Patel K.D.,0
Patel P.,3
Paterakis M.,1
Pathak A.,1
Patil S.,1
Patra P.G.,1
Patra P.G.K.,1
Patra R.,1
Patrick Kevin,1
Patro A.,1
Patterson D.,1
Patwari N.,2
Paul A.,1
Paul B.K.,1
Paul S.,2
Paulos E.,1
Pavlou G.,2
Pawlyk J.,1
Paxson V.,19
Payer W.,2
Pazos R.A.,0
Pearce C.Glenn,1
Pearson D.,1
Peden J.H.,1
Pedersen N.N.,1
Pedone F.,1
Pedrosa L.,1
Pedrosa L.D.,1
Peebles R.W.,0
Peeters J.,0
Peffer T.,1
Peh L.-S.,1
Pehrson B.,1
Pei D.,6
Pei S.,1
Peinado M.,1
Peiro Sajjad H.,0
Peleg D.,1
Pelle I.,1
Pellegrino J.D.,1
Pelsser C.,3
Penberthy L.,0
Peng C.,2
Peng G.,1
Peng S.,1
Peng Y.,2
Pentikousis K.,1
Peón-Quirós M.,0
Perdisci R.,1
Pere_ínit P.,2
Perelyubskiy D.,1
Perera S.,0
Perino D.,2
Peris V.,1
Perito D.,1
Perkins C.,1
Perkins C.E.,1
Perkins D.,1
Perlman R.,3
Perrig A.,3
Perry D.,1
Perry J.,2
Perry S.T.,0
Perta V.C.,1
Pervilä M.,1
Pescape A.,1
Pescapé A.,2
Pescapè A.,2
Pestoni F.,0
Peter S.,2
Peterson Annette N.,0
Peterson L.,3
Peterson L.L.,5
Peterson Larry L.,2
Peterson R.S.,1
Petkovic D.,1
Petrova M.,2
Petsas T.,1
Pettersson J.,1
Pettit J.,1
Peuhkuri M.,1
Peuster M.,1
Pezaros D.,0
Pezaros D.P.,1
Pezze M.,1
Pfaff B.,1
Pfeiffer S.,1
Pfitscher R.J.,0
Phan L.T.X.,0
Phanishayee A.,1
Phillips A.,1
Phillips G.,1
Phillips I.,1
Phillips M.,0
Phillips S.C.,0
Phung D.Q.,1
Piamrat K.,1
Piatek M.,1
Picconi F.,1
Pickavet M.,1
Pickens J.,1
Pickens J.R.,1
Pietilainen A.-K.,1
Pietiläinen A.-K.,1
Pietrosemoli E.,1
Pietrzyk M.,1
Pimenova M.,1
Pingali G.,2
Pingali V.,2
Pinhanez C.,1
Pinhanez C.S.,1
Pinsky Eugene,0
Pinson M.,1
Pintor F.V.,1
Piqueras Jover R.,1
Pirelli S.,1
Piringer M.,2
Pirzada H.A.,1
Piscitello D.M.,0
Pitkänen M.J.,1
Pitsillidis A.,1
Pitt I.J.,0
Pittman J.,1
Place J.,1
Plagemann T.,1
Plakosh D.,1
Plank J.S.,3
Plante A.,1
Platt J.C.,1
Plattner B.,1
Pless R.,1
Pletcher J.,1
Plonka D.,3
Ploß A.,1
Plunkett J.,2
Pluntke C.,1
Podlaseck M.,1
Poellabauer C.,1
Poese I.,2
Pogran K.T.,1
Poh S.S.,1
Pointurier Y.,1
Pollard N.,1
Polychronakis M.,2
Polyzos G.C.,2
Pomarole M.,1
Pommer A.,2
Pomposini M.,1
Ponceleon D.,1
Ponec M.,1
Pong T.-C.,1
Pongracz G.,0
Pongrácz G.,3
Pontarelli S.,0
Poole D.J.,1
Poole L.,1
Poosala V.,1
Popa L.,3
Popa R.A.,1
Popek G.J.,0
Popescu-Zeletin R.,1
Popovici M.,1
Porras P.,1
Porter G.,5
Portoles-Comeras M.,1
Post A.,1
Postel J.,1
Postel J.B.,2
Potharaju R.,3
Potkonjak M.,2
Pötsch T.,2
Potter R.,1
Pottie G.,1
Pouffary Y.,1
Poutievski L.,1
Pouwelse J.,1
Pouzin L.,1
Poylisher A.,0
Prabhakar B.,1
Prabhakaran B.,1
Prabhu N.,0
Prabhu S.,0
Prabhudev A.,1
Pradkin Y.,4
Prakash C.,2
Prakash P.,1
Prank H.,0
Pras A.,4
Prasad A.S.,1
Prasad R.S.,1
Prasad S.,1
Prasad V.,0
Prasetya K.,1
Pratt I.,2
Preneel B.,1
Preuß T.,1
Price W.L.,0
Prieto A.G.,1
Primorac M.,1
Prinsloo M.,0
Printis R.S.,1
Priyantha N.B.,1
Probert R.L.,1
Probst W.G.,0
Proebsting T.,1
Prottoy S.U.N,0
Proutiere A.,1
Provost J.,1
Pryadkin Y.,2
Prytz M.,1
Przydatek B.,1
Psaras I.,3
Psounis K.,3
Pu Q.,3
Pucha H.,2
Puchs E.,1
Pujol E.,3
Pujol E.E.P.,1
Pupatwibul P.,1
Purohit A.,1
Puype B.,0
Qazi I.A.,2
Qazi Z.,1
Qazi Z.A.,4
Qian C.,2
Qian F.,6
Qian H.,1
Qian J.,1
Qian P.,0
Qian Y.,1
Qian Z.,3
Qiao C.,1
Qiao S.,1
Qiao X.,1
Qin M.,0
Qiu F.,1
Qiu L.,4
Qiu T.,3
Qiu X.-P.,1
Qu G.,1
Quan L.,3
Quax P.,3
Que Y.P.,1
Quinn J.,1
Quoitin B.,1
Raatikainen K.,1
Rabbat M.,2
Rabe F.,1
Rabinovich M.,1
Rabl T.,1
Race N.,1
Racke W.F.,0
Radha H.,1
Radhakrishnan A.B.,1
Radhakrishnan S.,1
Radosavac S.,1
Radu V.,1
Radunovi_ B.,1
Radunovic B.,0
Rafiq O.,1
Raftopoulos E.,1
Raghavan B.,5
Raghavan D.,0
Raghavan S.V.,0
Raghavendra C.S.,3
Raghavendra R.,1
Raghunath S.,1
Raghunathan K.S.,1
Raghuraman A.,1
Rahe J.,1
Rahman R.,1
Rahman S.U.,1
Rahul H.,2
Rahul H.S.,2
Rai V.,1
Raiciu C.,5
Raindel S.,1
Rais R.N.B.,1
Rajagopalan Bala,1
Rajagopalan Balasubramanian,1
Rajagopalan S.,1
Rajahalme J.,1
Rajakrishnan S.,0
Rajan R.,1
Rajendran V.,1
Rajmohan,1
Rajnovic D.,1
Ramabhadran S.,3
Ramachandran A.,2
Ramachandran K.,2
Ramachandran K.N.,2
Ramachandran U.,2
Ramachandran V.,2
Ramadan E.,0
Ramadrishnan K.K.,1
Ramakrishnan K.K.,8
Ramakrishnan K.R.,1
Ramalho G.,1
Ramamoorthy C.V.,2
Ramamurthy P.,1
Raman A.,1
Raman S.,1
Ramanathan P.,1
Ramanathan S.,2
Ramani I.,1
Ramarajan A.,1
Ramasubramanian V.,1
Ramaswami Rajiv,1
Ramaswamy R.,3
Ramchandran K.,1
Ramesh A.,1
Ramírez A.,1
Ramos F.M.V.,1
Ran J.,1
Ran X.,1
Ranade G.,1
Ranathunga D.,1
Rangan M.,1
Rangarajan S.,3
Ranjan S.,2
Ransford B.,1
Rantala E.,1
Rao A.,1
Rao C.,1
Rao K.V.S.,0
Rao L.,1
Rao N.L.,1
Rao P.R.S.,1
Rao S.,3
Rao S.G.,2
Rappaport S.S.,0
Rasala A.,1
Rasheed T.,1
Rashid R.F.,2
Rashidi Fard M.,1
Rashmi K.V.,1
Rasley J.,1
Raspall F.,2
Rastegarfar H.,1
Rasti A.H.,1
Rastogi R.,1
Rastogi Rajeev,1
Rath F.,1
Ratnasamy S.,9
Rattaro C.,0
Raumer D.,1
Ravi Kumar S.,1
Ravi M.,1
Ravindran K.,2
Ravindran R.,1
Ravindranath L.,1
Ray S.,1
Rayanchu S.,3
Raychaudhuri D.,4
Raykar V.C.,1
Raymond R.C.,0
Raza S.,2
Razaghpanah A.,2
Razavi K.,1
Razouk R.R.,1
Reaz M.B.I.,1
Recio R.J.,1
Reddy A.,1
Reddy A.K.K.,1
Reddy A.L.N.,2
Reed B.,1
Reed M.J.,0
Rees T.,1
Reeves T.H.,0
Refice T.,1
Régnié G.,1
Rego V.,1
Reha Civanlar M.,0
Rehner R.,1
Reibman A.,1
Reibman Amy R.,1
Reich J.,2
Reichl P.,1
Reiher P.,1
Reinders M.J.T.,1
Reingold N.,1
Reininger D.,0
Reis C.,2
Reiser B.J.,1
Reitblatt M.,2
Reiter M.K.,1
Rejaie R.,6
Rekhter Yakov,1
Relan P.A.,1
Remillano A.,1
Ren K.,1
Ren X.,1
Ren Y.,1
Rensing C.,2
Repges M.,1
Rescorla E.,1
Rétvári G.,2
Reuter A.,1
Rexford J.,20
Rexfordz J.,1
Reyzin L.,1
Rhee I.,2
Rhodes L.,1
Rhynas D.J.,0
Ribeiro B.,3
Ribeiro M.R.N.,0
Ricci B.,1
Rice C.,1
Richer I.,1
Richter P.,3
Riecke J.,1
Riedi R.,2
Riedl J.,0
Riera S.M.,1
Rifai M.,1
Riggio R.,2
Rikakis T.,1
Riley G.F.,2
Riley R.,0
Riley Ralph,1
Rimac I.,1
Rimondini M.,1
Rincón D.,1
Ringberg H.,1
Ringwald M.,1
Ripeanu M.,2
Rish I.,1
Risso F.,2
Rist T.,0
Ristenpart T.,2
Ristov S.,1
Ritter H.,2
Rivera C.,0
Rivera D.,1
Rivera E.,0
Rivera J.,1
Rizk A.,2
Rizzo L.,2
Roach C.,1
Roberts J.,0
Roberts J.W.,1
Roberts L.,0
Robertson J.,1
Robertson W.,0
Robin M.,1
Robinson David,0
Robinson J.,1
Robinson J.A.,0
Robinson P.,1
Roca R.,1
Roccetti M.,1
Rodden T.,2
Rodeheffer T.L.,1
Rodrig M.,3
Rodrigues Luis,1
Rodrigues M.A.,1
Rodrigues Manoel A.,1
Rodrigues T.,2
Rodriguez F.,1
Rodriguez M.,1
Rodriguez P.,7
Rodriguez P.R.,1
Roehr K.M.,0
Rogalin R.,1
Rogan B.,1
Roger Jang J.-S.,1
Rohner C.,1
Rohrer J.P.,1
Rohrs C.,1
Roisin C.,1
Rojas E.,1
Rojas J.C.,0
Rolando P.,1
Rolli D.,2
Rollins S.,1
Rom R.,2
Roman G.-C.,1
Roman S.,1
Romanow A.,1
Rompogiannakis Y.,1
Ron A.,2
Rondeau T.W.,1
Rong Y.,1
Roome W.D.,1
Roopakalu A.,1
Röper M.,1
Rosales Rhonda,0
Roscoe T.,3
Rose J.,1
Rose R.,1
Rosen E.C.,1
Rosen S.,2
Rosenberg C.,2
Rosenberg J.,1
Rosenberg J.L.,0
Rosenblum D.S.,1
Rosenblum M.,1
Rosenthal A.J.,1
Roseway A.,1
Rosing T.,1
Ross K.,3
Ross K.W.,3
Rossi D.,4
Rossi G.P.,1
Rossi L.,1
Rossini G.,1
Rossow C.,3
Rost M.,0
Rost S.,1
Rostami A.,1
Rostami M.,2
Rosu M.,1
Rotenberg N.,1
Rothenberg C.,1
Rothenberg C.E.,4
Rothermel K.,1
Rotsos C.,1
Rottenstreich O.,1
Roughan M.,11
Rousseau F.,1
Roussel J.,1
Roverso R.,1
Rowe J.,1
Rowe L.A.,1
Rowe L.R.,0
Rowstron A.,3
Roy A.,2
Roy A.R.,1
Roy D.M.,1
Roy N.,1
Roy S.,1
Rozensztrauch T.,0
Rozhnova N.,1
Rozner E.,3
Ruamviboonsuk V.,1
Rubenstein D.,3
Rubin M.,1
Rubino U.,1
Rubinstein B.I.P.,1
Ruchansky N.,2
Rui Y.,2
Rula J.,0
Rula J.P.,4
Rumble S.M.,1
Rumsewicz M.,1
Rundensteiner E.A.,1
Runge T.M.,1
Rupp A.,1
Rus D.,2
Rusek D.,1
Rusek K.,0
Russell G.,1
Russo M.,1
Ruth Gregory,1
Rüth J.,2
Ruth P.,1
Rutkowski A.,1
Rutledge L.,1
Ruttik K.,1
Ryan M.,1
Rybalkin M.,1
Rybczynski A.M.,1
Ryu B.K.,1
Saad S.,1
Saadawi T.N.,0
Saarinen A.,1
Saber N.A.,1
Sabnani K.,2
Sabnani K.K.,1
Sabry-Ismaïl L.,1
Sackl A.,1
Sadasivarao A.,1
Sadlowski H.,0
Sadok D.,1
Sadre R.,2
Saeed A.,1
Saez-Trumper D.,1
Safaei F.,2
Safavi-Naini R.,0
Sagari S.S.,1
Saha D.,4
Saha S.,1
Sahhaf S.,2
Sahin C.,1
Sahu S.,2
Saidi S.J.,0
Saino L.,1
Saito K.,1
Saito N.,0
Sakauchi M.,1
Sala A.,2
Sala Dolors,1
Salamatian K.,4
Salgarelli L.,1
Sallent S.,2
Salman S.,0
Salmon G.,1
Salsano S.,2
Saltzer J.H.,1
Salvadori E.,1
Salway A.,1
Salz J.,1
Samadi P.,1
Samain J.,0
Samanta V.,1
Samaria F.,0
Sammapun U.,2
Sammarco M.,1
Sampé J.,1
Sampieri B.,1
Samuel F.,1
Samuel J.,1
Sanchez M.A.,1
Sánchez M.A.,3
Sánchez-Artigas M.,1
Sanders M.,1
Sanger R.,0
Sanghavi S.,2
Sani L.,1
Saniee I.,1
Sanjuàs-Cuxart J.,1
Sansom R.D.,1
Santi P.,1
Santiago Del Rio P.M.,1
Santini S.,1
Santos C.A.S.,1
Santos J.R.,2
Santos M.A.S.,1
Sapiezynski P.,1
Sapio A.,1
Sarabi A.,0
Sarac K.,2
Sardara M.,0
Sardouk A.,1
Sargento S.,1
Sarikaya B.,1
Sarilar Z.,0
Sarna L.,1
Saroiu S.,4
Sarolahti P.,4
Sarrar N.,1
Sarvotham S.,1
Sasse M.A.,1
Sastry N.,2
Sathiaseelan A.,3
Satterlee M.,1
Saucez D.,1
Sauer J.,1
Sauer L.,1
Saul L.K.,3
Savage S.,13
Savary H.F.,1
Savchenko A.,0
Savolainen P.,1
Savori_ M.,1
Sawchuk A.A.,1
Sawhney N.,1
Saxena V.,0
Saykin A.J.,1
Sbai M.K.,1
Scantlebury R.A.,1
Scarlatos L.L.,0
Scedrov A.,0
Scellato S.,1
Schaffrath G.,2
Schaller S.,2
Schantz R.,0
Schapira M.,4
Scharf M.,1
Schatz R.,3
Schatzmann D.,1
Schaus P.,1
Scheitle Q.,2
Schemmel D.,1
Schenker S.,1
Schiavone M.,1
Schiff L.,0
Schiller E.,1
Schiller J.,4
Schilling D.L.,0
Schirm A.H.,1
Schlansker M.,1
Schlesinger C.,2
Schlichting R.D.,1
Schlinker B.,5
Schluessler T.,1
Schmid S.,5
Schmidl T.,1
Schmidt D.C.,1
Schmidt F.,0
Schmidt M.,1
Schmidt T.C.,5
Schmitt J.,3
Schmitt J.B.,1
Schneider F.,1
Schneider F.B.,1
Schneider J.M.,1
Schnitter S.,1
Schomp K.,2
Schönfelder J.,1
Schönwälder J.,1
Schooler E.M.,3
Schopis P.,1
Schott B.,0
Schreier L.,0
Schrey M.,1
Schroder K.,0
Schulman A.,3
Schulte G.,1
Schulthess P.,0
Schulz M.,1
Schulz-Zander J.,2
Schulzrinne H.,1
Schumacher J.,0
Schuman S.A.,1
Schurgers G.,1
Schuster A.,1
Schütze A.,1
Schwabe D.,1
Schwan N.,1
Schwartz B.,1
Schwartz D.B.,1
Schwartz M.,1
Schwartz M.F.,2
Schwartz R.,1
Schwarz DaSilva J.,0
Schwarzkopf M.,0
Schweller R.,1
Scollo G.,1
Scott A.,1
Scott C.,5
Scott D.,2
Scott J.,3
Scott W.,1
Scott W.G.,1
Seada K.,1
Secker A.,1
Sedar R.,0
Seeling P.,1
Seery J.B.,1
Seetharam D.,1
Seetharaman S.,1
Segal J.L.,1
Segall A.,1
Segata M.,1
Segen J.,2
Segura M.,1
Sekar V.,19
Selby N.,2
Selçuk Candan K.,1
Selga J.,1
Seligman M.,1
Semmler N.,1
Sen S.,16
Sen S.K.,1
Senac P.,1
Seneviratne A.,0
Seneviratne S.,0
Senft A.,1
Sengul C.,1
Sengupta B.,1
Sengupta N.,1
Sengupta S.,2
Senouci S.M.,1
Seo K.,1
Sermpezis P.,1
Serre J.-M.,1
Seshan S.,14
Seskar I.,3
Sethi A.S.,1
Sethi I.K.,1
Setia S.,1
Seufert M.,1
Seuken S.,1
Sevanto J.,1
Sezaki K.,1
Sha L.,1
Sha W.,1
Shacham H.,1
Shafagh H.,1
Shafiq M.Z.,1
Shafiq Z.,2
Shah A.,1
Shah D.,2
Shah H.,2
Shah J.,1
Shah M.,1
Shah N.B.,1
Shah Newaz S.H.,0
Shahaf G.,1
Shahbaz M.,3
Shahmehrit N.,1
Shahzad M.,1
Shaikh A.,11
Shaker S.,1
Shakimov A.,2
Shalunov S.,1
Shanahan T.A.,1
Shanbhag S.,1
Shang H.,1
Shang J.,1
Shangguan L.,2
Shankar A.U.,3
Shankaranarayanan P.N.,1
Shanmugam P.K.,1
Shannigrahi S.,0
Shannon C.,2
Shao W.,1
Shao Y.,0
Sharafat A.R.,1
Sharif M.,2
Sharma A.,3
Sharma N.,1
Sharma P.,4
Sharma P.K.,0
Sharma R.,1
Sharma S.,1
Sharp R.,1
Sharrock S.M.,1
Shavitt Y.,1
Shaw J.,1
Shea M.,2
Sheena Jonathan A.,1
Sheikholeslami G.,1
Sheldon N.,1
Shen H.,1
Shen M.,1
Shen Q.,0
Shen S.,1
Shen W.-L.,0
Shen Y.,1
Shenke S.,1
Shenker S.,30
Shenker Scott,2
Shenoy P.,2
Sheoran A.,0
Shepard T.J.,1
Shepherd F.B.,1
Shepherd J.A.,1
Shepherd W.D.,1
Sheppard P.,1
Sherman R.,1
Sherman R.H.,0
Sherr M.,1
Sherry J.,5
Sherwood R.,3
Sheshshayee M.S.,1
Sheth A.,1
Sheu S.,1
Shevade B.,1
Shi C.,2
Shi E.,1
Shi H.,1
Shi L.,2
Shi M.,1
Shi X.,1
Shiau D.,1
Shibata N.,1
Shieh A.,1
Shields C.,1
Shih T.K.,1
Shihada B.,1
Shima S.,0
Shimasaki N.,0
Shimazu Y.,0
Shimeall T.J.,1
Shimomura T.,1
Shimonishi H.,1
Shimotsuji S.,1
Shin J.,1
Shin K.G.,2
Shin S.,2
Shinoda Y.,1
Shionozaki A.,1
Shipley K.L.,1
Shipman F.,3
Shirali-Shahreza M.,1
Shirali-Shahreza S.,1
Shiroshita T.,1
Shishkin B.,1
Shivam P.,2
Shmoys D.,0
Shneiderman B.,0
Shneidman J.,1
Shoch J.F.,1
Shorten R.,1
Shorter D.,0
Showail A.,1
Shpiner A.,1
Shreedhar M.,1
Shrinivasan Y.B.,1
Shrira L.,1
Shrivastav V.,1
Shrivastava N.,1
Shrivastava V.,3
Shu L.,1
Shu Z.,1
Shuba A.,1
Shucker B.,1
Shue C.A.,2
Shukla A.,1
Shukla Vishnu,1
Shulman H.,1
Shvartzshnaider Y.,1
Shyu M.-L.,1
Si A.,1
Sibal S.,1
Sicker D.,2
Sidhu D.,3
Sidhu D.P.,1
Sidhu Deepinder P.,1
Sidi M.,1
Siebenhaar F.,0
Siekkinen M.,2
Siewiorek D.,1
Siganporia A.,1
Silberschatz A.,1
Silberschatz Avi,1
Silio C.B.,0
Siliquini J.F.,1
Silva F.,1
Silveira F.,1
Simcoe R.,1
Simmons J.,1
Simoens P.,0
Simon D.,1
Simpson D.,0
Singer Y.,1
Singh A.,5
Singh Daniele Thomassin,1
Singh G.,1
Singh M.,1
Singh R.,1
Singh R.P.,1
Singh S.,5
Singhal S.K.,1
Singla A.,1
Sinha A.,0
Sinopoli B.,2
Sinz W.,0
Sips H.,1
Siracusano G.,1
Sirer E.G.,4
Siris V.A.,1
Sirivianos M.,3
Sisto R.,2
Sit E.,2
Sitaraman R.,1
Sitaraman R.K.,2
Sivakumar A.,1
Sivakumar R.,1
Sivalingam K.M.,1
Sivalingam Krishna M.,1
Sivarajan Kumar N.,1
Sivaraman A.,6
Sivaraman V.,1
Skaria S.,1
Skelton A.P.,1
Skinner G.,0
Sköldström P.,1
Slatman H.,1
Sleeth Randall G.,1
Slonim J.,1
Small C.,1
Small T.,2
Smaragdakis G.,8
Smed J.,1
Smelyanskiy R.,1
Smets R.,1
Smith B.,1
Smith B.C.,0
Smith B.K.,1
Smith E.,1
Smith F.D.,3
Smith I.,1
Smith J.M.,2
Smith J.R.,6
Smith M.T.,1
Smith O.J.,1
Smith S.,1
Snell J.,1
Snoeren A.C.,11
Snyder Joel M.,1
Snyder P.,1
So E.,0
So W.,1
Soares D.,1
Soares L.F.G.,1
Sobel I.,1
Sobie R.,1
Sobrinho J.L.,1
Soderquist P.,1
Soeller G.,1
Soh L.,0
Soh S.,1
Sokolsky O.,2
Soldani C.,1
Solgaard O.,1
Sollins K.,3
Sollins K.R.,3
Solomon M.,1
Solvoll D.,0
Somaiya N.,1
Sommer C.,1
Sommer R.,4
Sommers J.,10
Son S.,1
Sonchack J.,0
Song C.,2
Song D.,4
Song H.,2
Song H.H.,3
Song J.,1
Song L.,1
Song S.,2
Song T.,1
Song Z.,1
Songjie W.,1
Soni G.,1
Sonkoly B.,4
Sontineni K.,1
Sood P.,1
Sørensen T.,0
Sorge C.,2
Soriente C.,1
Soroush H.,1
Soule A.,2
Soule R.,0
Soulé R.,1
Souza C.,1
Spärck Jones K.,0
Spatscheck O.,15
Spencer T.,1
Sperotto A.,5
Spetebroot T.,1
Spiegel M.G.,0
Spirn J.R.,1
Spragins J.,1
Spring N.,10
Spring N.T.,1
Springel S.,1
Spruyt K.,1
Spyropoulos T.,3
Squarcella C.,1
Sridharan A.,2
Sridharan B.,1
Sridharan H.,1
Sridharan M.,1
Srikant R.,1
Srinivasan B.,1
Srinivasan K.,1
Srinivasan S.,3
Srinivasan T.,1
Srinivasan V.,1
Sripanidkulchai K.,1
Srivastava M.B.,4
Stabenau M.,1
Stach J.F.,0
Stadler R.,1
Staessens D.,1
Stahlke Herbert F.W.,0
Stajano F.,1
Stankovic J.A.,1
Stanojevi_ R.,1
Stanojevic R.,3
Stapp M.,1
Starch S.,1
Starzetz P.,1
Stasiewicz B.,1
Stasko J.,2
Staubach P.,2
Steenkiste P.,8
Steenkiste Peter,1
Stefa J.,1
Stefanov E.,1
Stegmaier F.,1
Steiger C.,1
Stein T.,1
Steinberg T.,1
Steinebach M.,0
Steiner M.,2
Steinmetz R.,5
Stephens B.,1
Stevens R.,1
Stevens S.,1
Stewart G.,1
Stewart L.,3
Stewart R.,1
Stewart R.R.,1
Stiekes B.,1
Stiliadis D.,1
Stipkovits Á.,1
Stirpe Paul,0
Stoenescu R.,1
Stoffers M.,0
Stohr D.,1
Stoica I.,18
Stolfo S.J.,1
Stone J.,1
Stone-Gross B.,1
Stoneburner P.D.,1
Strandridge C.R.,1
Straub G.,1
Strauss J.,2
Strayer W.T.,1
Streibelt F.,1
Streiffer C.,0
Striegel A.,3
Strikwerda J.C.,1
Stringer J.P.,1
Stringhini G.,3
Stroik J.,1
Strong R.,1
Strowes S.,1
Strowes S.D.,1
Stuart S.,4
Stumm M.,1
Stutsman R.,1
Stutzbach D.,2
Su A.-J.,1
Su C.-F.,2
Su J.,2
Su L.,3
Su Q.,1
Su W.,1
Su Z.,1
Suarez-Tangil G.,1
Suárez-Varela J.,0
Subbiah I.,1
Subrahmanian V.S.,1
Subramaniam S.,1
Subramanian L.,6
Subramanian S.,1
Subramanya V.,1
Subramanyam N.D.,1
Suchomski M.,1
Suda T.,1
Sudarsanam A.,1
Sugawara S.,1
Sugawara T.,1
Sugeno Hiroko,0
Sugiura K.,1
Suh K.,2
Suits F.,1
Sukaviriya N.,2
Sukhatme G.S.,1
Sullivan N.,0
Sultana N.,1
Sun C.,1
Sun C.-H.,1
Sun F.,1
Sun P.,3
Sun P.-C.,1
Sun Q.,1
Sun S.,1
Sun T.,1
Sun X.S.,1
Sun Y.,3
Sun Z.,2
Sunagawa H.,0
Sundaram H.,3
Sundaram R.,2
Sundaram V.,1
Sundaram-Stukel D.,1
Sundararajan A.,2
Sundaresan K.,2
Sundaresan S.,6
Sunderam V.S.,1
Sundresh S.,1
Sung Y.-W.E.,1
Sunshine C.A.,1
Suomela J.,1
Surana S.,2
Suresh L.,1
Suri S.,1
Surridge M.,0
Sutcliffe A.,1
Suznjevic M.,1
Suzuki M.,1
Suzuki Y.,0
Sventek J.,1
Swami A.,2
Swamynathan G.,1
Swan A.,1
Swanson S.,1
Swayne D.F.,1
Sweet J.,1
Syamkumar M.,1
Sydney A.,1
Syed A.,0
Syed S.,1
Syeda-Mahmood T.,1
Syeda-Mahmood T.F.,0
Syfrig H.,0
Szabó D.,1
Szabo M.,0
Szabo R.,1
Szabó R.,0
Szafron D.,0
Szalay M.,0
Szewczyk R.,0
Szurdi J.,1
Szurkowski E.S.,1
Szyrkowiec T.,0
Tafazolli R.,0
Taft N.,8
Tafvelln S.,1
Taguchi D.,1
Tahilramani Kaur H.,1
Täht D.,1
Tai T.-Y.C.,1
Takahashi T.,1
Takakura H.,0
Takeda Y.,1
Takemae Y.,1
Talcot C.,0
Talla V.,2
Tammekänd J.,1
Tan C.W.,1
Tan E.,1
Tan K.,3
Tan K.-L.,0
Tan R.T.K.C.,0
Tan W.,1
Tanachaiwiwat S.,1
Tanaka B.,1
Tanaka E.,1
Tanaka Y.,1
Tanda E.,1
Tang A.,2
Tang C.,1
Tang D.,1
Tang J.,1
Tang K.,1
Tang L.,4
Tang Q.,1
Tang W.,0
Tang X.,1
Tang Y.,1
Tang Z.,1
Tangmunarunkit H.,2
Tanguay D.,1
Tani M.,1
Tanigawa M.Y.,1
Taniguchi R.-I.,1
Taniguchi Y.,1
Tantawi Asser N.,0
Tanwer A.,1
Tao S.,1
Tapiador J.,0
Tapie T.,1
Tapolcai J.,1
Taqqu M.S.,2
Tardif L.,1
Tariq M.,1
Tariq M.B.,1
Tarkoma S.,1
Tasaka S.,1
Tasiopoulos A.G.,0
Tavakoli S.,1
Tavanapong W.,0
Tavernier W.,2
Tawarmalani M.,1
Taylor C.,2
Taylor D.E.,1
Teh J.,1
Teh J.K.S.,0
Teitelbaum B.,1
Teixeira R.,12
Tejfel M.,1
Telkamp T.,2
Tellenbach B.,1
Teller S.,1
Tennenhouse D.L.,1
Tennenhouse David L.,1
Tennent P.,1
Tenney R.L.,0
Teraoka F.,1
Terplan K.,0
Terpstra W.W.,1
Terrell J.,1
Terry D.B.,1
Terzi E.,2
Terzija N.,1
Terzis A.,3
Tessier R.,1
Tewari M.,1
Thaler J.,1
Thaler P.,1
Thapliya R.,1
Thareja A.K.,0
Thawonmas R.,1
The K.-S.,1
Theimer M.M.,1
Thekkath C.A.,2
Theoleyre F.,1
Thier C.,0
Thilakarathna K.,0
Thimmaraju K.,0
Thiran P.,4
Thomas B.T.,1
Thomas D.R.,0
Thomas J.P.,1
Thomas K.,2
Thomas M.,1
Thomas R.,1
Thomas Y.,1
Thomasian A.,1
Thomos N.,0
Thomsen B.,1
Thorup M.,5
Thottan M.,1
Thyagarajan A.S.,1
Thys K.,1
Tian C.,2
Tian J.,1
Tian M.,1
Tian Q.,4
Tian Y.,1
Tie X.,2
Tierney B.L.,1
Tierney M.,2
Tilmans O.,2
Timner Y.,1
Tirkkonen O.,1
Tobe Yoshito,1
Toelkinson P.T.,0
Tofanelli P.,1
Toka L.,0
Tokmakoff A.,0
Tokoro M.,2
Tokuda H.,2
Tokuda Hideyuki,1
Toledo A.L.,1
Toll D.,1
Tolmie P.,1
Tome W.,1
Tomlinson R.S.,1
Tong T.,1
Tonolini F.,0
Tonomura Y.,1
Toorop W.,0
Tootoonchian A.,1
Tootoonchiar A.,1
Topolcic C.,1
Torkjazi M.,1
Torralba A.,1
Torres R.,1
Tosa N.,3
Toseef U.,1
Touch J.D.,1
Tourani R.,2
Tourrilhes J.,2
Towsley D.,13
Toyama K.,3
Toyono T.,2
Tozal M.E.,1
Trammell B.,2
Tran L.K.,1
Tran-Gia P.,1
Trapp S.,1
Traverso G.,1
Traverso S.,0
Traw S.,1
Trejos L.M.,0
Tresp V.,1
Trestian I.,1
Trevisan M.,2
Trewitt G.M.,1
Triantafillou P.,1
Triebel T.,2
Trinh T.A.,2
Trinta F.,1
Tripathi S.,1
Tripathi S.K.,0
Trossen D.,1
Troxel G.,1
True F.,1
Trumic D.,1
Trunnell M.,1
Tryfonas C.,0
Tsai Che-Hsien,1
Tsai D.,0
Tsai J.,1
Tsai T.-C.,1
Tsai W.T.,2
Tsang Y.,1
Tsarouchis C.,2
Tschorsch F.,0
Tschudin C.,3
Tse A.,2
Tse D.,1
Tseng B.L.,1
Tseng J.,1
Tseng Y.-C.,2
Tsiatsis V.,1
Tsilopoulos C.,2
Tso P.,0
Tsou T.,1
Tsuchiya P.F.,2
Tsuji Hisao,1
Tsukada K.-I.,1
Tsukamoto K.,1
Tu C.-C.,1
Tu G.-H.,1
Tu K.,0
Tu Y.,1
Tuah N.J.,1
Tuke J.,1
Tulumello A.,0
Tune P.,2
Tung L.-C.,1
Turányi Z.,1
Turchetti R.C.,0
Turkovic B.,0
Turletti T.,2
Turlettil T.,0
Turner A.,1
Turner Charles J.,1
Turner D.,2
Turner J.S.,2
Turner Y.,3
Turoff M.,1
Twigg N.A.,0
Tygar J.D.,1
Tyson G.,2
Tzanov V.,1
Uchida M.,1
Uda S.,1
Ueda H.,0
Ugus O.,0
Uhl A.,2
Uhlig S.,6
Uitdenbogerd A.L.,1
Ulm John M.,1
Ulug M.E.,1
Uluyol M.,1
Uncapher K.,0
Unger E.A.,1
Unnikrishnan D.,1
Unsoy M.S.,1
Untz V.,1
Uppal H.,1
Upton R.A.,0
Ural H.,2
Urvoy-Keller G.,3
Usui K.,1
Uyeda F.,1
Uzmi Z.A.,1
Va Leong H.,1
Vafin R.,1
Vahdat A.,13
Vahlenkamp M.,1
Vaidya N.H.,3
Vaidya T.,0
Vaidyanathan R.,1
Vaishampayan V.A.,1
Vajpayee S.,0
Valadarsky A.,1
Valafar M.,1
Valancius V.,4
Valenta L.,1
Valentim R.,0
Valentín P.Y.,1
Valera F.,1
Valet I.,0
Vallentin M.,2
Vallina-Rodriguez N.,3
Vamanan B.,1
Van Ackere M.,0
Van Adrichem N.,0
Van Bochmann G.,1
Van Bruggen D.,1
Van Dam T.,1
Van Damme G.,1
Van Den Schrieck V.,1
Van Der Linden S.,1
Van Der Merwe J.,9
Van Der Merwe J.E.,1
Van Der Schaar M.,1
Van Der Toorn O.,1
Van Doorselaer B.,1
Van Eeten M.,1
Van Ossenbruggen J.,1
van Renesse R.,1
Van Rijswijk-Deij R.,3
Van Roy B.,1
Van Slyke R.,1
Van Vugt J.M.,1
Vanaubel Y.,3
Vanbever L.,6
Vanerio J.M.,0
Vang T.T.,1
Vankeirsbilck B.,0
Varadarajan K.,1
Varenni G.,1
Varga D.,0
Varga G.,1
Vargaftik S.,2
Vargas S.,0
Varghese G.,17
Varma A.,1
Varmarken J.,1
Varshavsky A.,3
Varvello M.,4
Vasict N.,2
Vasilakos A.V.,3
Vasilakos X.,0
Vasilescu L.,1
Vasisht D.,3
Vasseur J.-P.,2
Vassoler V.,0
Vasudevan L.,1
Vasudevan R.,1
Vaton S.,1
Vatsolaki P.,1
Vattay G.,1
Vattikonda B.C.,1
Vazirani V.,1
Vazirani V.V.,1
Vázquez F.I.,1
Veeraraghavan K.,0
Veeravalli V.V.,2
Veitch D.,8
Veloso E.,1
Veltri G.,1
Vempala S.,1
Vencioneck R.D.,0
Venkata S.,1
Venkataraman S.,3
Venkataramani A.,5
Venkatasubramanian N.,2
Venkatesan R.,1
Venkatesh S.,3
Venkatesht D.,1
Venkatramani C.,2
Venkitasubramaniam P.,0
Venzano D.,1
Verbeiren D.,1
Verboven F.,0
Verbrugge C.,2
Vercellone V.,1
Vercoe B.,1
Veres A.,1
Verissimo P.,1
Verissimo Paulo,1
Verkaik P.,2
Verma D.C.,1
Verma M.,1
Verma P.K.,1
Verma S.,0
Vermeulen K.,0
Vernick M.,0
Vernon M.K.,2
Verscheure O.,1
Vetterli M.,1
Viana A.C.,1
Vidal A.,1
Vidal S.,1
Vielhauer C.,1
Viering M.,0
Viger F.,1
Vigna G.,3
Vijayaragavan P.,0
Vijayaraghavan V.S.,1
Vijaykumar T.N.,1
Villaça R.,0
Villanoy M.,1
Villas L.A.,1
Vin H.,1
Vin H.M.,2
Vinkó T.,1
Viotti E.,1
Viranga Ratnaike A.,1
Virgilio M.,1
Vishnumurthy V.,1
Vishwanath K.,1
Vissers C.A.,1
Vissicchio S.,5
Viswanath B.,1
Viswanath P.,1
Viswanathan R.,2
Viterbi A.,1
Vlachos M.,2
Vlachou C.,1
Vo-Dai T.,0
Voelker G.M.,9
Voellmy A.,2
Vogel J.,1
Voigt B.,1
Voigt T.,1
Voinescu A.,1
Voith T.,1
Vojnovi_ M.,1
Volinsky C.T.,1
von Bochmann Gregor,1
Vormayr G.,1
Vorobyeva E.,1
Vörös P.,1
Vorsanger G.,1
Vranesic Z.C.,1
Vukolic M.,1
Vuong S.T.,2
Vuong Son T.,1
Vytiniotis D.,1
Waagen A.,1
Wac K.,1
Wagner A.,2
Wagner G.,2
Wagner M.,1
Wählisch M.,5
Waidner M.,1
Wainwrigbt R.M.,0
Waisbard E.,1
Waites W.,1
Wakeman I.,2
Walden D.,1
Walden D.C.,1
Waldhorst O.P.,1
Waldvogel M.,0
Walfish M.,2
Walid A.,1
Walker D.,6
Walker Z.,2
Wallach D.A.,1
Wallnau K.,1
Walls M.,1
Walls R.J.,1
Walpole J.,2
Walrand J.,1
Walsh K.,2
Walter B.,0
Walton S.,1
Wamser F.,2
Wan C.-Y.,1
Wan K.,2
Wan K.W.,1
Wanderer J.,2
Wang A.,1
Wang B.,4
Wang D.,2
Wang F.,3
Wang G.,5
Wang H.,6
Wang H.J.,1
Wang J.,21
Wang J.M.,1
Wang J.Z.,0
Wang K.,2
Wang L.,4
Wang M.,1
Wang M.-Y.,1
Wang N.,1
Wang P.,2
Wang Q.S.,1
Wang R.,1
Wang S.,1
Wang T.,3
Wang V.,1
Wang W.,1
Wang X.,6
Wang X.S.,2
Wang X.T.,0
Wang Y.,10
Wang Y.-F.,1
Wang Y.T.,1
Wang Z.,7
Want C.-Y.,1
Ward C.,1
Ward P.A.S.,2
Warfield A.,3
Warner U.S.,1
Wasay A.,0
Wassel H.,1
Wassell I.,1
Wassermann S.,0
Waters A.G.,2
Watson A.,1
Watson G.,1
Watson M.,1
Watson R.N.M.,2
Wattenhofer R.,3
Wattimena A.F.,1
Watts P.,2
Watts R.M.,0
Wawrzynek J.,0
Weatherspoon H.,1
Weatherspoonx H.,1
Weaver A.C.,1
Weaver N.,5
Weaver R.,1
Webb K.,1
Webb S.D.,1
Weber J.H.,0
Weber R.R.,1
Weekes M.,0
Wehr S.,1
Wehrle K.,2
Wei D.,1
Wei H.-Y.,1
Wei T.,1
Wei W.,3
Wei Z.,1
Weigle E.,0
Weikum G.,2
Weinberg Z.,0
Weinrib Abel,0
Weinsberg Y.,1
Weinstein S.B.,1
Weinstein Steve,0
Weir D.F.,1
Weiss A.,2
Weiss Alan,1
Weiss G.,1
Weissler R.,1
Welch G.,1
Wellnitz O.,2
Welsh M.,1
Welzl M.,1
Wen S.,1
Wen X.,1
Wen Y.,2
Wendell P.,1
Wendlandt D.,1
Weng N.,2
Wenhua D.,1
Wenyin L.,1
Werle C.,2
Wessels D.,2
West Colin H.,1
Westall J.,1
Westbrook D.,1
Westerink P.,1
Westermann U.,1
Westhoff D.,0
Westphal C.,3
Wetherall D.,14
Wette P.,1
Weyn M.,1
Wheatley M.,1
Whetstone A.L.,0
Whitbeck J.,1
White G.,0
White G.M.,1
White Gerry,0
White R.M.,1
Whitehead Susan T.,0
Whitescarver J.,1
Whitlock S.,2
Whitney V.K.M.,0
Whyte S.,1
Wibowo S.,1
Wichmann A.,1
Widjaja I.,1
Widmer J.,5
Widyawan,1
Wiegand S.,0
Wierman A.,1
Wilcox C.N.,0
Wilcox L.,6
Wilfong G.,3
Wilhelm M.,1
Wilkinson T.,0
Wilkov R.S.,0
Willems F.,1
Williams D.,1
Williams N.,2
Williams S.,1
Williamson C.L.,2
Willinger W.,17
Willis D.F.,1
Wills C.,2
Wills C.E.,4
Wilson C.,13
Wilson D.,0
Wilson D.V.,2
Wilson M.,1
Winstein K.,2
Winter P.,1
Wion A.,0
Wischik D.,1
Wiseman C.,1
Wishon B.,1
Wobber T.,1
Wohlfart F.,1
Wohlmacher P.,0
Wojcik M.,1
Wolenetz M.,1
Wolf A.L.,3
Wolf L.,2
Wolf L.C.,1
Wolf S.,1
Wolf T.,3
Wolf W.,0
Wolfe C.,1
Wolman A.,2
Wolsing K.,1
Wolters B.,1
Wong B.,4
Wong J.W.,1
Wong K.,1
Wong S.H.Y.,2
Wong T.,2
Wong W.Y.,1
Woo A.,1
Woo J.,1
Woo K.,1
Wood D.C.,1
Wood M.E.J.,1
Wood S.,0
Wood T.,2
Woodside C.M.,1
Woos D.,1
Worf H.,0
Worth C.,0
Wouters K.,1
Wrabetz J.M.,0
Wright P.,1
Wright Terry L.,0
Wroclawski J.,4
Wroclawski J.T.,1
Wstuck B.,1
Wu C.,4
Wu C.-S.,1
Wu D.,1
Wu F.-J.,1
Wu G.,2
Wu H.,4
Wu J.,1
Wu L.T.,1
Wu Q.,1
Wu T.,1
Wu W.,3
Wu X.,2
Wu Y.,6
Wu Z.,2
Wu Z.D.,1
Wundsam A.,3
Wustrow E.,1
Wyse L.,1
Xia J.,1
Xia N.,2
Xia T.,1
Xia W.,1
Xia Y.,1
Xiang D.,1
Xiang Q.,1
Xiang Y.,2
Xiao B.,1
Xiao S.,0
Xiao Y.,1
Xiao Z.,2
Xie D.,1
Xie G.,6
Xie G.G.,2
Xie H.,1
Xie L.,1
Xie T.,1
Xie X.,3
Xie Y.,2
Xin Y.,1
Xing B.,0
Xing G.,1
Xing T.,1
Xiong H.,1
Xiong J.,0
Xiong Y.,1
Xu C.,3
Xu C.-S.,2
Xu D.,3
Xu F.,1
Xu G.,0
Xu H.,1
Xu J.,7
Xu K.,3
Xu L.,1
Xu M.,2
Xu N.,1
Xu Q.,3
Xu S.,1
Xu T.,2
Xu W.,3
Xu X.,1
Xu Y.,1
Xu Z.,2
Xue L.,1
Xue M.,1
Xue Y.,2
Xuy C.,1
Xylomenos G.,2
Yadav A.,1
Yadav N.,1
Yadav S.,1
Yadav T.K.,0
Yahia M.H.,1
Yalagandula P.,3
Yamada A.,1
Yamaguchi S.,1
Yamakawa S.-N.,0
Yamamoto S.,1
Yamazaki H.,1
Yamazaki T.,1
Yan C.,1
Yan H.,1
Yan L.,1
Yan R.,2
Yan T.,1
Yan W.-Q.,1
Yan X.,3
Yanai K.,1
Yang B.,1
Yang C.-K.,1
Yang C.-Y.,1
Yang H.,1
Yang J.,2
Yang L.,1
Yang M.,1
Yang P.,1
Yang Q.,2
Yang S.,2
Yang T.,2
Yang X.,10
Yang Y.R.,6
Yang Z.,2
Yanoo K.,1
Yao G.,1
Yao H.,1
Yao K.,1
Yao Y.,1
Yap K.-K.,3
Yardi S.,1
Yaseen N.,0
Yasuda Y.,1
Yasumoto K.,1
Yates D.,1
Yates J.,3
Yau D.K.Y.,2
Yau S.,1
Yavatkar R.,0
Yaw Y.,2
Ye F.,0
Ye J.,1
Ye T.,3
Ye Z.,1
Yegneswaran V.,3
Yeh L.P.,0
Yeh S.-L.,1
Yekelis G.,1
Yemini Y.,1
Yen Y.-C.,1
Yenamandra V.,1
Yener B.,1
Yeow W.-L.,1
Yi B.,1
Yi Ding A.,1
Yiakoumis Y.,2
Yildiz M.,1
Yilek S.,1
Yin D.,2
Yin H.,1
Yin J.,2
Yin X.,3
Ying C.,1
Yip S.,1
Yocum K.,2
Yokote Y.,1
Yoneki E.,2
Yonekura T.,2
Yonemoto S.,1
Yoon J.,2
Yoshida I.,1
Yoshida Y.,1
Yoshikawa T.,1
Yotsukura T.,1
You H.,1
You L.,2
Young S.J.,0
Yu A.,0
Yu B.,2
Yu C.,1
Yu C.-H.,1
Yu F.,1
Yu H.,2
Yu K.,2
Yu M.,9
Yu W.,2
Yu X.,3
Yu Y.,1
Yu Y.T.,1
Yu Z.,0
Yuan J.,1
Yuan L.,8
Yuan R.,1
Yuan Y.,1
Yuan Z.,2
Yuasa K.,1
Yufera J.,1
Yukimatsu K.-I.,1
Yumerefendi A.,2
Yun A.,1
Yurchenko M.,0
Zaalouk A.,1
Zabih R.,2
Zaffar F.,1
Zafirovic-Vukotic M.,1
Zaharia M.,2
Zahavi E.,1
Zaheer Z.,0
Zahn M.,1
Zahorjan J.,4
Zaki Y.,2
Zaky S.G.,1
Zambon E.,0
Zander S.,3
Zang H.,1
Zannettou S.,1
Zaostrovnykh A.,1
Zappala D.,1
Zar D.,1
Zarchy D.,1
Zarfoss J.,1
Zarifis K.,2
Zarifzadeh S.,1
Zarinni F.,1
Zarras A.,2
Zats D.,2
Zaurnen W.T.,1
Zave P.,1
Zavodovski A.,0
Zazo J.F.,0
Zeghlache D.,2
Zegura E.,5
Zein N.,1
Zeldovich N.,1
Zelingher S.,1
Zeljkovic E.,0
Zeltser B.,1
Zeng H.,5
Zeng L.,3
Zeng W.,0
Zengy H.,1
Zennaro M.,1
Zerfos P.,1
Zermeno E.C.,1
Zerwas J.,0
Zha H.,1
Zhai Z.,1
Zhan C.,1
Zhan J.,2
Zhan L.,1
Zhang A.,1
Zhang B.,8
Zhang C.,2
Zhang D.,2
Zhang G.,2
Zhang H.,17
Zhang H.-J.,7
Zhang J.,9
Zhang J.J.,0
Zhang K.,0
Zhang L.,19
Zhang Lixia,1
Zhang M.,16
Zhang P.,5
Zhang Q.,2
Zhang R.,1
Zhang S.,1
Zhang W.,2
Zhang X.,3
Zhang Y.,20
Zhang Z.,3
Zhang Z.-L.,9
Zhang Z.-Z.,1
Zhang-Shen R.,1
Zhani M.F.,1
Zhao B.,3
Zhao B.Q.,1
Zhao B.Y.,11
Zhao F.,1
Zhao H.,1
Zhao J.,2
Zhao M.,3
Zhao N.,1
Zhao Q.,1
Zhao S.,1
Zhao T.,1
Zhao W.,2
Zhao X.,3
Zhao Y.,3
Zheng C.,1
Zheng H.,7
Zheng J.Y.,1
Zheng K.,1
Zheng L.,1
Zheng P.,0
Zheng Z.,1
Zhi J.,1
Zhong D.,1
Zhong Y.,1
Zhou B.,1
Zhou D.,1
Zhou H.-Q.,1
Zhou J.,4
Zhou L.,0
Zhou M.,1
Zhou P.,1
Zhou R.,1
Zhou S.,2
Zhou W.,5
Zhou X.,2
Zhou Y.,3
Zhou Z.,2
Zhu H.,1
Zhu J.,2
Zhu K.Q.,1
Zhu L.,1
Zhu M.,2
Zhu N.,1
Zhu P.,1
Zhu S.,1
Zhu X.,1
Zhu Y.,5
Zhu Z.,1
Zhuang S.,1
Zhuo D.,1
Zie J.J.,1
Ziegler C.,2
Zikos M.,1
Zilberman N.,0
Zill B.,2
Zimmerman J.,2
Zimmermann H.,1
Zimmermann R.,2
Zimmermann T.,1
Zinky John,1
Zinner T.,2
Zitterbart M.,1
Ziv O.,0
Ziviani A.,1
Zobel J.,1
Zohar E.,1
Zoline K.O.,1
Zolla J.,2
Zong B.,0
Zong X.,1
Zorzi M.,1
Zou J.,1
Zou X.K.,1
Zseby T.,2
Zuo Z.,1
Zus M.,1
Zussman G.,1
Zwaenepoel W.,1
